datetime	pass
2022-05-12 06:58:50.002284	False
2022-05-16 06:04:17.847145	True
2022-05-16 06:07:16.621243	True
2022-05-16 06:16:42.631801	True
2022-05-16 06:36:44.912682	True
2022-05-16 07:24:00.034213	True
2022-05-16 07:33:55.092215	True
2022-05-16 07:41:55.551991	True
2022-05-16 08:26:05.163870	True
2022-05-16 08:34:12.607004	True
2022-05-16 08:46:11.022036	True
2022-05-16 12:06:38.120784	True
2022-05-16 12:16:30.580567	True
2022-05-16 12:54:30.502314	True
2022-05-16 13:40:23.480746	True
2022-05-16 13:46:23.773060	True
2022-05-16 15:16:25.352686	True
2022-05-16 15:19:09.010678	True
2022-05-17 06:01:15.683369	True
2022-05-17 06:03:42.277525	True
2022-05-17 06:37:46.069080	True
2022-05-17 06:40:26.238337	True
2022-05-17 06:49:00.386239	True
2022-05-17 07:18:21.093204	True
2022-05-17 07:25:58.580568	True
2022-05-17 07:34:23.793259	True
2022-05-17 07:44:03.771675	True
2022-05-17 08:35:56.109508	True
2022-05-17 08:42:45.191540	True
2022-05-17 10:37:26.972109	True
2022-05-17 12:11:27.104800	True
2022-05-17 12:18:50.142078	True
2022-05-17 12:54:13.414984	True
2022-05-17 13:03:16.556325	True
2022-05-17 13:16:46.043598	True
2022-05-17 13:30:59.863535	True
2022-05-17 14:20:36.604598	True
2022-05-17 14:29:06.469379	True
2022-05-17 15:29:56.036501	True
2022-05-17 15:40:41.522334	True
2022-05-18 06:02:46.719237	True
2022-05-18 06:10:37.362569	True
2022-05-18 06:20:12.044192	True
2022-05-18 06:29:44.022686	True
2022-05-18 07:04:06.116340	True
2022-05-18 07:13:06.840610	True
2022-05-18 07:21:01.433563	True
2022-05-18 07:28:20.526176	True
2022-05-18 11:10:46.308848	True
2022-05-18 11:20:12.947116	True
2022-05-18 12:08:30.721488	True
2022-05-18 12:16:00.614650	True
2022-05-18 12:44:54.494990	True
2022-05-18 13:35:38.244392	True
2022-05-18 14:16:06.129132	True
2022-05-18 14:22:14.169386	True
2022-05-18 14:25:00.004809	True
2022-05-18 15:11:47.487505	True
2022-05-18 15:20:54.151681	True
2022-05-18 15:29:30.437090	True
2022-05-18 15:36:09.304069	True
2022-05-18 16:13:18.909713	False
2022-05-19 06:03:06.060970	True
2022-05-19 06:05:39.686685	True
2022-05-19 06:13:22.305296	True
2022-05-19 06:42:09.877811	True
2022-05-19 07:06:26.436931	True
2022-05-19 07:15:02.453279	True
2022-05-19 07:24:16.007825	True
2022-05-19 10:41:37.787923	True
2022-05-19 10:57:18.388811	True
2022-05-19 12:02:10.501432	True
2022-05-19 12:07:33.939414	True
2022-05-19 12:19:44.172093	True
2022-05-19 12:28:24.634920	True
2022-05-19 13:30:17.695483	True
2022-05-19 13:34:20.307928	True
2022-05-19 13:42:21.159326	True
2022-05-19 13:51:43.915685	True
2022-05-19 14:44:45.457473	True
2022-05-19 14:55:05.229300	True
2022-05-19 15:44:32.553984	True
2019-10-28 15:14:50.213951	True
2019-10-28 15:15:27.285772	True
2019-10-28 15:16:13.325504	True
2019-10-28 15:16:58.828802	True
2019-10-28 15:17:47.032298	True
2020-01-24 15:37:33.000403	True
2020-01-27 10:06:18.809262	True
2020-01-27 10:12:38.552202	True
2020-01-29 09:31:09.724934	False
2020-01-29 09:41:20.656085	True
2020-01-29 09:49:15.352806	True
2020-01-29 09:56:28.007068	True
2020-01-29 10:02:21.578946	True
2020-01-29 10:06:43.688568	True
2020-01-29 10:13:07.337962	True
2020-01-29 10:29:19.338030	True
2020-01-29 10:38:23.413196	True
2020-01-29 10:43:21.145525	True
2020-01-29 10:48:47.747604	True
2020-01-29 10:55:26.213391	True
2020-01-29 11:03:42.594177	True
2020-01-29 11:08:16.618943	True
2020-01-29 11:13:03.721715	True
2020-01-29 11:22:01.511753	True
2020-01-30 07:48:01.578290	True
2020-01-30 07:52:34.451138	True
2020-01-30 08:02:18.971082	True
2020-01-30 08:19:06.370569	True
2020-01-30 08:22:55.218242	True
2020-01-30 08:27:06.023164	True
2020-01-30 08:31:35.688622	True
2020-01-30 08:36:42.164585	True
2020-01-30 08:41:29.601491	True
2020-01-30 08:47:16.225032	True
2020-02-03 10:54:34.264211	True
2020-02-03 11:02:20.700170	True
2020-02-03 11:11:42.502957	True
2020-02-03 11:22:56.343963	True
2020-02-03 14:23:37.528252	True
2020-02-03 14:44:34.545856	True
2020-02-03 15:03:25.048973	True
2020-02-03 15:20:11.858058	True
2020-02-03 15:38:31.825880	True
2020-02-04 07:41:14.233271	True
2020-02-04 07:58:06.021035	True
2020-02-04 08:12:42.232559	True
2020-02-04 08:17:45.798309	True
2020-02-04 09:57:49.570105	True
2020-02-04 10:07:46.148962	True
2020-02-04 10:14:27.732527	True
2020-02-05 10:29:50.335632	True
2020-02-05 10:41:24.276377	True
2020-02-05 10:52:51.330616	True
2020-02-05 11:14:45.992238	True
2020-02-05 11:27:51.894560	True
2020-02-06 08:09:19.065895	True
2020-02-06 09:45:27.715051	True
2020-02-06 10:00:26.865302	True
2020-02-06 10:33:46.956904	True
2020-02-06 10:42:06.613015	True
2020-02-06 11:28:21.661631	True
2020-02-06 12:19:56.052667	True
2020-02-06 12:26:18.086509	True
2020-02-06 12:31:59.196343	True
2020-02-06 12:37:24.370320	True
2020-02-10 11:15:14.320287	True
2020-02-10 11:20:23.563305	True
2020-02-10 12:13:13.804384	True
2020-02-10 12:25:43.295386	True
2020-02-10 12:31:59.037186	True
2020-02-10 12:39:49.812719	True
2020-02-10 13:08:07.890522	True
2020-02-10 13:14:44.828443	True
2020-02-17 13:45:59.970041	True
2020-02-18 10:51:50.850826	True
2020-02-18 11:08:55.802818	True
2020-02-19 06:50:35.400960	True
2020-02-19 06:57:32.722420	True
2020-02-19 07:03:20.363343	True
2020-02-19 07:12:53.250645	True
2020-02-19 07:18:58.641119	True
2020-02-19 07:22:28.592438	True
2020-02-19 07:32:01.734117	True
2020-02-19 07:45:30.801702	True
2020-02-19 08:41:02.949541	True
2020-02-19 08:47:15.606687	True
2020-02-19 09:09:48.170694	True
2020-02-19 09:13:41.182412	False
2020-02-19 09:19:48.836976	True
2020-02-19 09:38:35.942128	True
2020-02-19 09:43:35.795085	True
2020-02-19 09:52:37.587924	True
2020-02-19 09:58:23.999381	True
2020-02-19 10:04:51.354327	True
2020-02-19 10:09:20.025714	True
2020-02-20 06:30:28.315943	True
2020-02-20 11:24:17.009047	True
2020-02-20 12:37:28.492558	True
2020-02-20 12:40:45.395725	True
2020-02-20 12:45:01.677021	True
2020-02-20 12:57:29.986904	True
2020-02-20 13:00:33.021197	True
2020-02-20 13:08:15.577661	True
2020-02-24 07:18:57.716108	True
2020-02-24 12:21:36.352541	True
2020-02-24 12:41:38.292075	True
2020-02-24 12:50:51.570884	True
2020-02-24 13:13:25.507409	True
2020-02-24 13:19:59.072421	True
2020-02-25 07:40:40.376362	True
2020-02-25 07:47:57.976829	True
2020-02-25 07:52:49.815238	True
2020-02-25 08:16:48.175602	True
2020-02-25 09:35:12.504567	True
2020-02-25 09:37:47.922509	True
2020-02-25 10:24:26.195598	True
2020-02-25 10:37:22.969753	True
2020-02-25 16:17:03.682454	True
2020-02-26 06:52:58.958583	True
2020-02-26 11:03:24.098923	True
2020-02-26 11:07:46.425098	True
2020-02-26 11:15:39.866971	True
2020-02-26 12:51:20.912639	True
2020-02-26 12:57:05.847906	True
2020-02-26 13:10:04.361355	True
2020-02-26 13:47:52.238331	True
2020-02-27 08:25:31.784802	True
2020-02-27 10:14:50.696366	True
2020-02-27 10:20:43.681720	True
2020-02-27 10:28:49.651693	True
2020-02-27 10:35:12.513408	True
2020-02-27 11:08:17.471709	True
2020-02-27 13:29:25.742452	True
2020-02-27 13:33:50.203952	True
2020-02-27 16:01:17.248787	True
2020-02-27 16:09:20.321698	True
2020-02-27 16:24:05.141601	True
2020-03-03 06:34:17.866409	True
2020-03-03 08:13:31.435958	True
2020-03-03 08:16:46.810564	True
2020-03-03 10:45:06.319268	True
2020-03-03 13:00:01.568418	True
2020-03-04 07:35:30.496908	True
2020-03-04 10:07:25.370113	True
2020-03-04 11:06:38.693591	True
2020-03-04 11:14:35.564021	True
2020-03-04 14:28:13.116279	True
2020-03-04 14:50:26.639657	True
2020-03-05 07:11:17.177512	True
2020-03-05 07:24:17.781244	True
2020-03-05 08:58:43.377378	True
2020-03-10 06:26:05.206569	True
2020-03-10 06:28:26.453657	True
2020-03-10 06:32:24.020024	True
2020-03-10 07:24:38.775292	True
2020-03-10 07:29:24.013372	True
2020-03-10 08:30:43.550974	True
2020-03-10 09:55:55.729223	True
2020-03-10 10:37:09.524771	True
2020-03-10 11:01:22.786603	False
2020-03-10 13:43:42.549925	True
2020-03-10 15:44:13.960511	True
2020-03-10 15:46:29.392050	True
2020-03-10 15:54:20.674739	True
2020-03-11 09:24:11.346106	True
2020-03-11 09:27:52.634107	True
2020-03-11 09:35:59.721033	True
2020-03-11 09:43:40.400605	True
2020-03-11 09:47:04.180447	True
2020-03-11 09:49:50.479538	True
2020-03-11 15:31:18.492438	True
2020-03-13 10:42:47.298324	True
2020-03-16 09:22:52.041260	True
2020-03-16 09:33:01.391763	True
2020-03-16 09:43:40.131604	True
2020-03-16 09:49:02.024754	True
2020-03-16 10:26:10.552457	True
2020-03-16 10:42:21.367740	True
2020-03-16 10:52:39.540228	True
2020-03-16 11:06:27.685010	True
2020-03-16 11:13:48.629493	True
2020-03-16 11:21:29.932488	True
2020-03-16 12:01:49.573690	True
2020-03-16 12:11:45.565270	True
2020-03-17 09:54:37.288970	True
2020-03-17 10:01:06.234448	True
2020-03-17 10:09:27.925305	True
2020-03-17 10:16:29.690972	True
2020-03-17 15:45:51.235317	True
2020-03-17 15:53:17.711330	True
2020-03-18 14:38:28.035908	True
2020-03-19 15:37:37.039993	False
2020-03-19 15:39:33.981124	False
2020-03-20 08:12:22.891183	False
2020-03-23 06:08:40.288875	True
2020-03-23 06:18:26.139409	True
2020-03-23 07:17:18.576179	True
2020-03-23 07:52:53.286641	True
2020-03-23 08:00:47.127813	True
2020-03-23 08:11:33.374754	True
2020-03-23 13:16:12.946451	True
2020-03-25 15:08:14.179676	True
2020-03-25 15:15:07.808080	True
2020-03-25 15:20:10.243960	True
2020-03-25 15:30:39.100556	True
2020-03-25 15:39:37.364517	True
2020-03-25 16:03:55.527429	True
2020-03-25 16:14:57.382675	True
2020-04-01 10:12:01.864204	True
2020-04-01 12:28:46.565547	True
2020-04-01 12:34:29.259792	True
2020-04-01 13:36:19.797419	True
2020-04-02 10:40:33.175848	True
2020-04-02 12:57:37.983849	True
2020-04-02 13:01:49.810128	True
2020-04-02 13:05:48.412785	True
2020-04-08 08:03:26.024498	False
2020-04-08 08:06:40.928384	True
2020-04-09 08:32:48.715183	True
2020-04-09 09:22:01.640419	False
2020-04-09 09:34:27.564485	True
2020-04-09 11:06:34.291964	True
2020-04-09 11:07:54.983146	True
2020-04-09 12:09:12.292695	True
2020-04-13 07:08:34.814067	True
2020-04-13 09:44:28.551461	True
2020-04-13 09:50:55.683309	True
2020-04-13 09:57:20.783589	True
2020-04-13 10:05:48.188837	True
2020-04-13 10:13:30.095744	True
2020-04-13 10:19:31.211156	True
2020-04-14 06:18:25.008433	True
2020-04-14 06:26:18.201923	True
2020-04-14 07:54:47.031166	True
2020-04-14 09:24:29.550662	True
2020-04-14 11:04:06.299904	True
2020-04-16 06:17:37.540875	True
2020-04-16 06:24:42.163476	True
2020-04-16 06:39:05.130986	True
2020-04-16 06:48:27.083381	True
2020-04-16 08:28:53.537939	True
2020-04-16 10:14:23.322777	True
2020-04-16 12:19:13.679812	True
2020-04-16 13:27:15.613941	False
2020-04-20 07:03:05.898507	True
2020-04-20 07:05:43.915192	True
2020-04-20 07:08:18.255702	True
2020-04-20 09:44:13.746752	True
2020-04-20 09:52:07.830267	True
2020-04-20 10:01:53.082593	True
2020-04-21 06:12:33.030355	True
2020-04-21 06:18:12.741070	True
2020-04-21 06:24:12.188016	True
2020-04-21 06:59:37.797819	True
2020-04-21 07:06:13.410090	True
2020-04-21 09:26:23.827618	True
2020-04-21 09:35:33.982718	True
2020-04-21 09:53:08.034618	True
2020-04-21 09:58:56.223706	True
2020-04-21 15:29:43.198971	True
2020-04-21 15:32:59.653632	True
2020-04-21 15:36:28.644788	True
2020-04-21 15:46:28.988468	True
2020-04-21 15:50:47.602932	True
2020-04-21 15:54:47.099528	True
2020-04-22 08:36:00.019188	True
2020-04-22 08:40:05.530715	True
2020-04-22 09:37:10.276487	True
2020-04-22 09:41:56.777440	True
2020-04-22 09:47:40.577188	True
2020-04-22 09:50:46.499085	True
2020-04-22 11:44:31.135323	False
2020-04-23 06:32:35.742198	True
2020-04-23 07:05:03.672012	True
2020-04-23 08:46:12.085350	True
2020-04-23 08:54:04.433385	True
2020-04-24 10:35:02.650988	True
2020-04-24 10:42:16.636888	True
2020-04-24 10:47:01.814921	True
2020-04-24 10:51:04.063831	True
2020-04-24 10:55:51.871857	True
2020-04-24 13:56:33.657456	True
2020-04-27 06:41:31.796352	True
2020-04-27 06:48:27.301817	True
2020-04-27 06:53:42.394200	True
2020-04-27 07:17:25.137506	True
2020-04-27 07:25:01.562811	True
2020-04-27 07:30:20.508144	True
2020-04-28 07:16:22.387706	True
2020-04-28 07:22:01.912325	True
2020-04-28 09:38:00.494030	True
2020-04-28 10:03:15.783189	True
2020-04-28 10:13:41.614401	True
2020-04-28 10:17:20.364357	True
2020-04-28 15:12:41.149626	True
2020-04-29 08:02:53.881773	True
2020-04-29 12:04:08.279753	True
2020-04-29 13:49:16.821476	True
2020-04-29 15:13:09.237310	True
2020-04-30 07:01:23.833010	True
2020-04-30 07:48:56.519284	True
2020-04-30 07:55:08.082723	True
2020-04-30 07:59:10.943313	True
2020-04-30 08:05:32.459140	True
2020-04-30 08:57:26.309237	True
2020-04-30 09:36:27.435775	True
2020-04-30 09:37:48.776120	True
2020-04-30 10:44:01.370794	True
2020-04-30 10:47:57.813309	True
2020-04-30 14:18:26.575987	True
2020-04-30 14:23:56.146714	True
2020-05-04 06:42:01.180579	True
2020-05-04 06:48:30.933262	True
2020-05-04 07:52:57.399181	True
2020-05-04 10:18:17.719275	True
2020-05-05 07:46:14.674438	True
2020-05-05 07:50:50.186692	True
2020-05-05 07:55:27.359502	True
2020-05-05 08:00:04.695876	True
2020-05-05 08:17:14.695552	True
2020-05-05 08:22:37.260979	True
2020-05-06 10:21:38.614905	True
2020-05-06 10:29:00.674313	True
2020-05-06 10:33:53.598973	True
2020-05-06 10:38:38.233802	True
2020-05-06 12:05:32.351701	True
2020-05-06 12:11:28.541812	True
2020-05-07 06:49:46.353847	True
2020-05-07 06:53:31.660219	True
2020-05-07 07:16:33.582135	True
2020-05-07 07:21:12.260780	True
2020-05-07 07:47:56.749654	True
2020-05-07 08:43:07.075875	True
2020-05-07 10:27:07.403011	True
2020-05-07 11:13:14.632438	True
2020-05-07 14:20:45.890742	True
2020-05-07 14:25:05.995423	True
2020-05-11 08:19:57.238331	True
2020-05-11 08:26:28.810393	True
2020-05-11 08:37:48.803082	True
2020-05-11 08:48:04.597052	True
2020-05-11 09:28:04.719857	True
2020-05-11 09:34:10.431928	True
2020-05-12 06:09:26.477854	True
2020-05-12 06:14:20.106436	True
2020-05-12 06:19:51.804159	True
2020-05-12 08:55:08.698295	True
2020-05-12 09:26:22.772263	True
2020-05-12 09:29:01.861624	True
2020-05-12 12:27:23.414660	True
2020-05-12 12:33:06.462879	True
2020-05-12 12:38:39.975608	True
2020-05-12 13:20:46.950706	True
2020-05-12 15:32:29.867430	True
2020-05-12 15:56:49.767834	True
2020-05-12 16:00:58.138227	True
2020-05-13 06:56:07.134785	True
2020-05-13 10:14:22.349914	True
2020-05-13 10:17:24.692100	True
2020-05-13 10:22:58.177935	True
2020-05-13 10:26:14.095801	True
2020-05-13 10:30:12.338437	True
2020-05-13 10:33:28.022928	True
2020-05-13 10:37:25.718029	True
2020-05-13 10:41:20.399194	True
2020-05-13 10:44:31.277543	True
2020-05-14 08:57:18.320424	True
2020-05-14 09:38:52.759229	True
2020-05-14 09:42:01.634935	True
2020-05-14 09:45:04.987417	True
2020-05-14 15:00:18.102467	True
2020-05-14 15:09:13.368539	True
2020-05-14 15:13:41.803430	True
2020-05-15 06:12:52.795386	True
2020-05-15 09:00:54.304933	True
2020-05-15 09:06:42.466507	True
2020-05-15 09:09:58.962825	True
2020-05-15 09:19:43.100140	True
2020-05-15 10:14:30.088211	True
2020-05-15 10:56:24.138239	True
2020-05-15 11:49:15.763055	True
2020-05-18 10:34:55.248987	True
2020-05-18 10:40:45.309441	True
2020-05-18 10:43:24.594733	True
2020-05-18 10:45:59.131708	True
2020-05-18 10:49:13.370560	True
2020-05-18 10:53:02.065308	True
2020-05-18 10:56:20.205705	True
2020-05-19 07:17:37.702505	True
2020-05-19 07:33:51.625096	True
2020-05-19 07:35:21.210440	True
2020-05-19 07:36:49.707695	True
2020-05-19 07:38:21.538033	True
2020-05-19 10:23:57.397900	True
2020-05-19 10:25:50.065732	True
2020-05-19 10:28:20.191422	True
2020-05-20 11:12:52.140190	True
2020-05-20 11:22:26.929761	True
2020-05-20 11:28:14.968837	True
2020-05-20 12:56:08.450615	True
2020-05-20 13:02:07.330586	True
2020-05-20 13:12:25.452067	True
2020-05-21 07:31:07.121028	True
2020-05-21 07:35:56.201156	True
2020-05-21 07:40:49.270616	True
2020-05-21 07:43:57.591114	True
2020-05-21 08:10:10.018724	True
2020-05-21 09:37:14.117842	True
2020-05-21 09:40:19.878182	True
2020-05-21 09:48:01.762256	True
2020-05-21 09:51:34.576241	True
2020-05-21 12:25:58.503817	True
2020-05-26 09:15:00.906448	True
2020-05-26 09:25:35.180846	True
2020-05-26 09:31:18.600244	True
2020-05-26 10:58:18.039275	True
2020-05-26 11:03:04.490770	True
2020-05-26 11:07:57.620389	True
2020-05-26 11:14:40.640279	True
2020-05-27 09:49:31.968775	True
2020-05-27 09:56:28.079946	True
2020-05-27 10:10:06.917879	True
2020-05-27 10:14:18.648149	True
2020-05-27 10:23:03.541378	True
2020-05-27 10:26:58.218182	True
2020-05-28 07:03:54.220533	True
2020-05-28 07:06:26.240959	True
2020-05-28 07:10:28.365382	True
2020-05-28 07:15:25.668225	True
2020-05-28 08:21:53.782314	True
2020-05-28 08:24:02.389319	True
2020-05-28 08:26:31.163383	True
2020-05-28 08:30:45.664651	True
2020-05-28 14:40:30.805722	True
2020-05-28 15:19:31.881753	True
2020-05-28 15:23:38.618862	True
2020-05-28 15:28:56.336122	True
2020-05-29 07:13:18.106465	True
2020-05-29 09:34:10.884855	True
2020-05-29 09:39:56.194402	True
2020-06-02 07:28:23.123149	True
2020-06-02 07:40:43.937655	True
2020-06-02 07:47:09.577084	True
2020-06-02 07:51:13.757850	True
2020-06-02 11:03:42.946029	True
2020-06-03 07:52:11.222899	True
2020-06-03 07:55:52.230579	True
2020-06-03 08:04:41.175894	True
2020-06-03 09:32:46.373486	True
2020-06-03 11:16:38.961973	True
2020-06-03 11:21:22.822251	True
2020-06-03 12:06:53.529679	True
2020-06-03 12:11:13.287856	True
2020-06-04 06:51:22.944632	True
2020-06-04 07:04:07.761469	True
2020-06-04 07:08:33.976388	True
2020-06-04 07:27:03.769732	True
2020-06-04 07:28:24.581476	True
2020-06-04 07:32:16.245081	True
2020-06-04 08:04:27.589263	True
2020-06-04 08:08:43.637258	True
2020-06-04 13:43:37.538585	True
2020-06-08 07:15:06.518907	True
2020-06-08 07:43:25.079033	True
2020-06-08 07:46:14.732189	True
2020-06-08 07:49:10.168303	True
2020-06-08 14:44:12.338078	True
2020-06-08 14:47:36.529935	True
2020-06-09 09:27:53.999778	True
2020-06-09 09:41:19.370407	True
2020-06-09 16:14:33.407952	True
2020-06-09 16:19:01.599762	True
2020-06-09 16:22:59.519525	True
2020-06-10 06:46:09.981063	True
2020-06-10 08:41:11.652041	True
2020-06-10 08:45:06.659591	True
2020-06-10 08:50:57.787616	True
2020-06-10 08:54:13.707693	True
2020-06-10 08:57:36.507373	True
2020-06-10 10:17:24.865419	True
2020-06-10 10:21:17.978037	True
2020-06-10 10:24:34.409746	True
2020-06-10 10:59:18.889232	False
2020-06-10 15:37:19.787271	True
2020-06-10 15:45:51.714519	True
2020-06-10 15:56:28.850965	True
2020-06-10 15:59:58.458523	True
2020-06-11 08:57:58.525876	True
2020-06-11 09:27:40.269340	True
2020-06-11 09:31:38.988964	True
2020-06-11 09:36:04.132924	True
2020-06-11 10:00:09.124774	True
2020-06-11 10:03:03.164363	True
2020-06-11 10:06:54.852790	True
2020-06-11 10:09:41.244830	True
2020-06-11 13:35:14.688409	True
2020-06-11 13:39:46.944351	True
2020-06-15 06:40:16.427321	True
2020-06-15 06:47:48.706804	True
2020-06-15 08:20:24.201108	True
2020-06-15 08:31:01.568744	True
2020-06-15 08:37:48.736949	True
2020-06-16 06:51:45.770389	True
2020-06-16 06:59:26.746673	True
2020-06-16 07:12:13.682220	False
2020-06-16 10:06:53.241252	True
2020-06-16 10:10:03.112504	True
2020-06-16 10:15:05.936702	True
2020-06-16 12:15:38.629992	True
2020-06-16 12:19:45.149757	True
2020-06-16 12:23:25.021783	True
2020-06-16 12:26:27.613502	True
2020-06-17 06:59:22.912061	False
2020-06-17 07:42:57.985835	True
2020-06-17 07:51:54.834692	True
2020-06-18 06:40:56.427830	True
2020-06-18 06:46:51.475586	True
2020-06-18 07:04:36.108183	True
2020-06-18 07:47:51.403993	True
2020-06-18 09:39:01.034376	True
2020-06-18 09:46:28.034070	True
2020-06-18 09:56:51.579662	True
2020-06-22 07:05:24.853502	False
2020-06-22 07:30:37.004606	True
2020-06-22 07:36:03.972207	True
2020-06-22 07:41:08.555669	True
2020-06-22 07:45:21.164127	True
2020-06-22 07:49:57.571938	True
2020-06-22 07:54:47.828189	True
2020-06-22 08:28:43.806970	False
2020-06-22 08:29:31.071653	False
2020-06-22 08:45:15.752828	True
2020-06-22 09:48:17.026819	True
2020-06-22 10:35:30.835641	True
2020-06-22 12:31:57.347727	False
2020-06-23 06:38:51.699499	True
2020-06-23 06:55:05.832033	True
2020-06-23 07:47:43.491239	True
2020-06-23 07:51:59.228087	True
2020-06-23 07:56:52.468285	True
2020-06-23 08:00:50.098097	True
2020-06-23 08:05:45.808822	True
2020-06-23 08:08:31.584087	True
2020-06-23 15:25:52.674884	True
2020-06-23 15:34:20.006452	True
2020-06-24 08:04:51.390439	True
2020-06-24 08:08:45.190063	True
2020-06-24 08:13:05.765071	True
2020-06-24 12:33:20.089892	True
2020-06-24 12:36:54.337763	True
2020-06-24 12:42:03.922228	True
2020-06-24 12:45:55.522131	True
2020-06-24 15:25:38.714646	True
2020-06-25 07:32:43.064698	True
2020-06-25 09:29:01.627158	True
2020-06-25 09:33:51.546759	True
2020-06-25 09:38:39.203456	True
2020-06-25 09:43:32.746366	True
2020-06-25 13:24:33.804033	True
2020-06-25 13:32:00.645307	True
2020-06-25 13:37:38.813909	True
2020-07-06 10:05:20.113755	False
2020-07-06 10:12:11.249131	False
2020-07-06 12:36:45.606298	True
2020-07-06 12:44:10.670957	True
2020-07-06 13:38:21.898125	True
2020-07-06 14:29:41.474642	True
2020-07-06 14:47:18.811538	True
2020-07-07 06:08:46.276864	True
2020-07-07 08:00:58.898522	True
2020-07-07 08:55:01.511988	True
2020-07-07 08:58:17.511766	True
2020-07-07 09:25:47.069856	True
2020-07-07 09:30:11.222344	True
2020-07-07 13:34:12.446030	True
2020-07-07 13:39:58.686322	True
2020-07-07 16:12:41.579716	True
2020-07-08 06:38:19.733738	True
2020-07-08 06:43:36.165472	True
2020-07-08 08:47:38.632881	True
2020-07-08 08:53:17.336584	True
2020-07-08 14:25:53.078673	True
2020-07-08 14:29:54.726386	True
2020-07-08 16:02:03.898185	True
2020-07-09 08:33:01.444691	True
2020-07-09 08:36:26.884763	True
2020-07-09 08:39:07.677127	True
2020-07-09 08:42:18.341654	True
2020-07-09 08:45:16.213358	True
2020-07-09 08:47:31.077973	True
2020-07-13 06:27:09.713681	True
2020-07-13 08:47:18.320550	True
2020-07-13 08:54:19.680713	True
2020-07-13 08:58:18.840129	True
2020-07-13 10:55:57.691890	True
2020-07-13 11:00:21.395614	True
2020-07-13 12:10:52.241399	True
2020-07-13 12:13:50.761376	True
2020-07-13 12:19:21.290149	True
2020-07-13 12:26:00.306895	True
2020-07-13 12:29:58.187209	True
2020-07-13 12:32:58.851406	True
2020-07-14 09:48:35.006926	True
2020-07-14 09:52:15.566053	True
2020-07-14 09:58:03.542390	True
2020-07-14 10:06:04.989758	True
2020-07-14 10:11:51.629669	True
2020-07-14 10:15:41.517833	True
2020-07-14 16:00:32.626284	True
2020-07-14 16:02:59.994178	True
2020-07-14 16:06:04.897691	True
2020-07-14 16:09:27.153797	True
2020-07-15 11:28:02.784246	True
2020-07-15 12:06:51.889040	True
2020-07-15 12:12:53.553022	True
2020-07-15 12:17:30.273129	True
2020-07-15 12:21:16.577035	True
2020-07-15 12:27:33.440340	True
2020-07-15 12:31:24.224247	True
2020-07-15 12:34:02.152962	True
2020-07-16 09:24:54.232887	True
2020-07-16 09:28:47.664991	True
2020-07-16 09:46:37.826612	True
2020-07-16 09:49:59.033790	True
2020-07-16 09:53:27.450687	True
2020-07-16 09:56:40.658224	True
2020-07-16 11:31:13.132036	True
2020-07-17 08:06:07.359541	True
2020-07-17 08:17:58.073468	True
2020-07-17 08:53:19.468175	True
2020-07-17 09:03:21.324554	True
2020-07-17 09:08:01.980407	True
2020-07-17 11:57:24.583070	True
2020-07-20 08:16:24.394653	True
2020-07-21 07:45:11.124772	True
2020-07-21 09:31:33.560582	True
2020-07-22 08:44:33.043247	True
2020-07-22 08:55:34.148878	True
2020-07-23 15:21:05.236013	True
2020-07-28 12:09:07.196739	True
2020-08-03 06:44:25.390389	True
2020-08-03 06:52:35.546236	True
2020-08-04 07:02:50.108349	True
2020-08-04 07:06:49.197634	True
2020-08-04 07:09:02.285734	True
2020-08-04 07:32:16.146683	True
2020-08-04 09:33:56.334489	True
2020-08-04 09:40:35.486732	True
2020-08-04 09:47:19.559488	True
2020-08-05 07:03:39.162847	True
2020-08-05 07:16:52.627231	True
2020-08-05 08:08:31.243605	True
2020-08-05 10:59:09.339780	True
2020-08-05 11:05:52.372592	True
2020-08-05 11:11:20.020825	True
2020-08-10 10:06:34.760777	True
2020-08-10 10:14:51.288711	True
2020-08-10 10:21:04.952270	True
2020-08-10 10:24:03.087809	True
2020-08-10 13:19:32.039331	True
2020-08-10 13:32:04.398875	True
2020-08-11 07:03:08.770979	True
2020-08-11 07:07:55.610795	True
2020-08-11 07:15:37.626085	True
2020-08-11 08:38:18.878066	True
2020-08-11 08:42:57.405059	True
2020-08-11 14:39:05.440911	True
2020-08-11 14:45:11.361263	True
2020-08-12 06:27:33.034116	True
2020-08-12 06:32:48.481481	True
2020-08-12 08:40:13.984338	True
2020-08-12 08:46:52.689744	True
2020-08-12 08:52:35.955125	True
2020-08-12 09:31:51.425642	True
2020-08-12 09:42:04.546571	True
2020-08-12 13:56:53.839748	True
2020-08-12 14:20:36.246588	True
2020-08-13 06:24:05.138253	True
2020-08-13 06:28:35.585912	True
2020-08-13 08:13:54.658285	True
2020-08-13 08:21:44.492125	True
2020-08-13 08:25:15.636018	True
2020-08-13 08:40:59.726545	True
2020-08-13 08:44:04.533732	True
2020-08-13 08:49:34.550883	True
2020-08-13 08:54:35.599411	True
2020-08-13 08:57:48.935758	True
2020-08-13 15:33:14.590220	True
2020-08-14 07:26:03.811586	True
2020-08-14 07:32:59.284220	True
2020-08-14 07:37:40.388940	True
2020-08-14 13:10:17.480260	True
2020-08-14 13:34:48.591615	True
2020-08-17 06:25:10.108648	True
2020-08-17 06:30:54.924712	True
2020-08-17 12:38:02.258682	True
2020-08-17 12:45:06.186626	True
2020-08-17 14:40:08.957631	True
2020-08-17 14:47:09.101207	True
2020-08-18 07:22:08.654081	True
2020-08-18 07:26:09.293513	True
2020-08-18 07:31:32.213893	True
2020-08-18 07:37:30.261329	True
2020-08-18 10:25:05.241431	True
2020-08-18 10:29:11.993989	True
2020-08-18 10:37:17.658042	True
2020-08-18 14:55:22.195611	True
2020-08-18 15:09:09.043366	True
2020-08-18 15:17:22.882649	True
2020-08-19 09:47:15.184587	True
2020-08-19 09:51:52.393827	True
2020-08-19 10:13:06.795097	True
2020-08-19 10:19:44.971911	True
2020-08-19 10:22:02.283916	True
2020-08-19 10:24:07.876245	True
2020-08-20 07:08:37.172384	True
2020-08-20 07:15:03.076359	True
2020-08-20 09:49:50.517246	True
2020-08-20 11:02:21.998153	True
2020-08-20 11:06:21.069927	True
2020-08-20 11:11:13.390319	True
2020-08-20 11:15:46.557922	True
2020-08-20 11:23:26.573897	True
2020-08-20 12:14:07.533378	True
2020-08-20 12:18:26.197682	True
2020-08-20 13:20:28.268114	True
2020-09-08 07:36:43.277123	True
2020-09-08 07:42:49.619985	True
2020-09-08 08:16:39.127645	True
2020-09-08 08:24:36.353686	True
2020-09-09 07:54:38.718091	True
2020-09-09 07:59:43.654845	True
2020-09-09 08:03:48.488046	True
2020-09-09 08:08:12.544868	True
2020-09-09 08:11:51.001424	True
2020-09-09 08:15:30.217923	True
2020-09-09 08:20:10.810449	True
2020-09-09 08:24:05.779804	True
2020-09-09 08:27:20.940481	True
2020-09-09 08:31:34.108163	True
2020-09-09 08:34:28.525200	True
2020-09-09 08:37:04.109532	True
2020-09-09 15:50:39.223109	True
2020-09-09 15:55:35.991336	True
2020-09-10 06:17:37.167342	True
2020-09-10 06:22:44.056427	True
2020-09-10 07:32:27.629372	True
2020-09-10 10:26:05.016020	True
2020-09-10 13:42:08.399173	True
2020-09-10 13:47:04.911907	True
2020-09-10 13:51:52.721781	True
2020-09-14 12:21:58.587563	False
2020-09-14 12:23:20.818680	False
2020-09-14 14:17:00.278719	True
2020-09-14 14:26:00.510725	True
2020-09-14 14:32:34.157811	True
2020-09-14 14:49:02.501149	True
2020-09-14 14:54:31.893069	True
2020-09-14 15:00:50.283925	True
2020-09-15 06:24:22.459540	True
2020-09-15 06:28:27.211860	True
2020-09-15 06:56:56.505619	True
2020-09-15 07:00:11.176880	True
2020-09-15 07:03:38.113332	True
2020-09-15 07:06:33.432360	True
2020-09-15 07:27:18.263479	True
2020-09-15 07:30:54.399309	True
2020-09-15 07:52:10.995940	True
2020-09-15 12:50:22.816747	True
2020-09-15 12:52:55.792588	True
2020-09-16 08:26:10.746669	True
2020-09-16 08:32:07.978828	True
2020-09-16 08:48:32.267737	True
2020-09-16 08:54:16.323998	True
2020-09-16 09:21:24.508085	True
2020-09-16 09:32:02.004605	True
2020-09-16 09:39:43.132643	True
2020-09-16 10:42:08.482705	False
2020-09-17 06:05:45.656685	True
2020-09-17 06:09:53.929666	True
2020-09-17 06:13:46.562382	True
2020-09-17 06:17:45.234946	True
2020-09-17 06:21:59.091913	True
2020-09-17 06:26:01.292989	True
2020-09-17 08:05:40.607273	True
2020-09-17 08:10:54.896619	True
2020-09-17 08:27:32.514088	True
2020-09-17 08:32:46.586849	True
2020-09-17 08:36:32.994841	True
2020-09-17 08:41:02.515604	True
2020-09-17 14:55:12.466138	True
2020-09-18 09:19:57.938922	True
2020-09-18 09:25:48.850316	True
2020-09-18 09:29:51.922156	True
2020-09-18 09:35:44.354482	True
2020-09-18 09:41:50.513094	True
2020-09-18 09:48:29.745237	True
2020-09-18 09:53:54.120577	True
2020-09-18 10:02:45.664768	True
2020-09-21 10:40:10.511350	True
2020-09-21 10:44:49.958342	True
2020-09-21 12:30:26.807285	True
2020-09-21 12:33:36.992468	True
2020-09-21 12:47:58.426942	True
2020-09-21 13:20:04.844452	True
2020-09-21 13:23:33.707725	True
2020-09-21 13:37:26.443588	True
2020-09-22 07:55:20.119145	True
2020-09-22 07:59:03.702219	True
2020-09-22 08:02:35.526767	True
2020-09-22 08:06:16.014175	True
2020-09-22 15:01:01.714538	True
2020-09-22 15:59:42.582677	True
2020-09-22 16:04:22.806409	True
2020-09-22 16:11:12.326502	True
2020-09-23 09:32:28.399892	True
2020-09-23 09:39:55.560035	True
2020-09-23 09:50:20.727249	True
2020-09-23 09:54:02.319680	True
2020-09-24 06:34:00.786305	True
2020-09-24 06:37:48.050592	True
2020-09-24 06:41:26.506433	True
2020-09-24 07:21:11.409785	True
2020-09-24 07:27:30.961773	True
2020-09-24 07:34:03.865056	True
2020-09-24 08:59:41.414817	True
2020-09-24 09:26:55.310081	True
2020-09-24 09:51:24.884824	True
2020-09-24 09:57:02.877375	True
2020-09-24 10:31:33.437131	True
2020-09-24 10:34:58.005714	True
2020-09-28 08:09:45.112192	True
2020-09-28 08:18:28.215052	True
2020-09-28 08:21:56.811012	True
2020-09-28 08:25:18.866237	True
2020-09-28 09:27:22.854041	True
2020-09-28 09:42:04.205483	True
2020-09-28 09:47:27.821524	True
2020-09-29 07:19:55.249727	True
2020-09-29 07:25:10.601409	True
2020-09-29 07:28:32.000985	True
2020-09-29 07:31:48.361035	True
2020-09-29 07:38:48.547244	True
2020-09-29 07:43:04.400744	True
2020-09-29 08:13:47.029261	True
2020-09-29 13:11:44.531079	True
2020-09-29 13:16:46.995599	True
2020-09-30 07:58:52.196701	True
2020-09-30 08:01:51.092440	True
2020-09-30 08:05:38.756800	True
2020-09-30 08:09:29.364327	True
2020-09-30 08:14:57.772358	True
2020-09-30 08:19:19.196464	True
2020-09-30 08:23:42.156464	True
2020-09-30 08:29:10.173598	True
2020-10-01 08:03:11.468393	True
2020-10-01 08:07:47.900433	True
2020-10-01 08:12:25.475954	True
2020-10-01 08:36:59.013286	True
2020-10-01 08:40:19.534769	True
2020-10-01 08:43:04.373105	True
2020-10-01 09:46:08.447300	True
2020-10-01 09:51:06.903625	True
2020-10-01 09:56:51.976241	True
2020-10-01 09:59:23.320651	True
2020-10-01 14:35:25.632750	True
2020-10-01 14:38:34.704303	True
2020-10-05 06:30:50.176726	True
2020-10-05 12:26:47.594241	True
2020-10-05 12:33:23.791500	True
2020-10-05 13:21:15.367344	True
2020-10-05 13:27:26.215170	True
2020-10-06 07:13:48.746218	True
2020-10-06 07:17:35.715394	True
2020-10-06 07:24:27.702399	True
2020-10-06 07:31:07.111668	True
2020-10-06 07:40:26.186476	True
2020-10-06 08:20:30.273706	True
2020-10-06 08:53:15.355966	True
2020-10-06 08:57:12.100115	True
2020-10-06 09:00:12.789096	True
2020-10-06 12:26:17.410594	True
2020-10-06 12:31:10.842907	True
2020-10-07 07:46:21.858607	True
2020-10-07 08:06:31.580082	True
2020-10-07 08:10:41.931411	True
2020-10-07 08:15:33.875079	True
2020-10-07 08:21:31.924024	True
2020-10-07 08:26:00.796049	True
2020-10-07 08:31:50.667825	True
2020-10-07 08:36:15.579317	True
2020-10-07 15:11:48.698452	True
2020-10-07 15:16:21.328754	True
2020-10-07 15:20:41.432574	True
2020-10-08 06:27:33.915522	True
2020-10-08 07:34:49.806536	True
2020-10-08 07:37:42.888045	True
2020-10-08 07:40:40.553214	True
2020-10-08 07:43:46.194062	True
2020-10-08 08:56:16.565118	True
2020-10-08 08:59:34.421062	True
2020-10-08 09:25:57.684609	True
2020-10-08 09:35:38.067023	True
2020-10-08 12:32:23.537679	True
2020-10-08 12:34:56.825504	True
2020-10-12 07:44:19.466393	True
2020-10-12 07:49:27.570396	True
2020-10-12 07:55:55.573499	True
2020-10-12 08:04:03.585816	True
2020-10-12 08:09:37.516683	True
2020-10-12 08:16:48.895754	True
2020-10-13 06:07:41.339019	True
2020-10-13 06:12:29.410588	True
2020-10-13 06:58:14.352384	True
2020-10-13 09:44:15.665753	True
2020-10-13 09:55:28.747656	True
2020-10-13 12:20:58.704000	True
2020-10-14 06:53:28.541875	True
2020-10-14 07:00:29.597448	True
2020-10-14 07:05:16.724289	True
2020-10-14 07:11:23.276635	True
2020-10-14 07:15:54.259662	True
2020-10-14 07:26:52.402839	True
2020-10-14 12:26:52.724416	True
2020-10-14 12:33:53.389958	True
2020-10-14 16:00:41.234810	True
2020-10-14 16:06:11.186196	True
2020-10-14 16:17:40.889209	True
2020-10-15 10:53:39.790231	True
2020-10-15 11:24:31.498474	True
2020-10-15 12:47:48.985359	True
2020-10-15 13:30:06.432828	True
2020-10-15 14:51:17.956976	True
2020-10-15 14:59:20.405020	True
2020-10-15 15:04:39.548663	True
2020-10-19 12:20:19.751161	True
2020-10-19 12:30:39.735316	True
2020-10-19 12:40:36.655085	True
2020-10-19 12:47:03.926444	True
2020-10-20 07:14:37.130468	True
2020-10-20 07:21:42.344949	True
2020-10-20 10:59:40.916980	True
2020-10-20 11:03:20.276850	True
2020-10-20 12:51:04.497071	True
2020-10-20 12:59:55.713578	True
2020-10-20 13:51:22.296055	True
2020-10-20 14:07:19.862934	True
2020-10-20 14:13:52.870764	True
2020-10-21 11:22:18.327835	True
2020-10-21 11:28:44.113316	True
2020-10-21 12:29:11.151339	True
2020-10-21 12:45:16.951740	True
2020-10-21 12:55:07.583873	True
2020-10-22 08:19:39.442793	True
2020-10-22 08:32:55.082604	True
2020-10-22 08:40:56.585659	True
2020-10-26 06:09:57.415374	True
2020-10-26 06:24:13.304833	True
2020-10-26 06:38:36.579264	True
2020-10-26 06:52:06.652561	True
2020-10-26 07:09:40.357491	True
2020-10-26 07:24:31.053817	True
2020-10-26 07:35:43.046562	True
2020-10-26 07:46:57.167521	True
2020-10-26 11:21:27.065245	True
2020-10-26 11:27:33.153922	True
2020-10-26 11:30:25.554193	True
2020-10-27 10:13:58.766389	True
2020-10-27 10:22:41.015209	True
2020-10-27 10:55:02.042859	True
2020-10-27 11:08:49.739876	True
2020-10-27 11:11:42.372492	True
2020-10-27 12:32:42.175216	True
2020-10-28 06:46:29.287370	True
2020-10-28 06:57:34.047266	True
2020-10-28 07:35:45.808128	True
2020-10-28 08:23:18.639437	True
2020-10-28 08:58:58.190813	True
2020-10-28 12:46:27.528302	True
2020-10-28 12:59:47.748817	True
2020-10-28 14:35:05.255415	True
2020-10-28 16:12:02.052111	True
2020-10-28 16:22:08.172631	True
2020-10-28 16:28:49.996307	True
2020-10-29 08:45:54.256047	True
2020-10-29 08:51:31.015403	True
2020-10-29 09:28:17.381387	True
2020-11-02 09:31:18.161080	True
2020-11-02 09:38:06.816989	True
2020-11-02 09:45:51.593783	True
2020-11-02 09:51:11.072228	True
2020-11-02 09:58:06.464120	True
2020-11-02 10:05:04.247615	True
2020-11-02 10:12:18.838196	True
2020-11-02 10:19:07.446274	True
2020-11-03 06:07:22.234848	True
2020-11-03 06:12:52.858775	True
2020-11-03 08:44:38.870835	True
2020-11-03 08:49:01.935334	True
2020-11-03 08:53:55.846305	True
2020-11-03 10:00:24.042407	True
2020-11-03 10:05:05.971093	True
2020-11-03 10:55:48.655184	True
2020-11-04 06:09:51.019713	False
2020-11-04 06:15:23.372322	False
2020-11-04 06:23:27.700688	True
2020-11-04 06:29:31.652770	True
2020-11-04 07:56:15.870078	True
2020-11-04 07:59:23.693867	True
2020-11-04 08:02:51.741633	True
2020-11-04 08:08:28.709617	True
2020-11-04 08:13:39.974314	True
2020-11-04 08:17:12.717987	True
2020-11-05 07:54:02.093392	True
2020-11-05 07:57:45.077382	True
2020-11-05 08:01:07.469400	True
2020-11-05 08:04:26.269574	True
2020-11-05 08:08:17.341919	True
2020-11-05 08:11:49.622484	True
2020-11-05 11:00:41.583698	True
2020-11-05 11:04:23.007146	True
2020-11-09 07:47:24.081705	True
2020-11-09 08:00:27.792949	True
2020-11-09 08:08:38.681298	True
2020-11-09 08:16:09.576539	True
2020-11-09 08:30:06.640632	True
2020-11-09 08:40:14.136589	True
2020-11-10 06:14:08.915783	True
2020-11-10 06:22:43.851996	True
2020-11-10 09:31:12.600022	True
2020-11-10 09:41:56.583093	True
2020-11-10 09:51:11.095909	True
2020-11-10 09:55:07.535659	True
2020-11-10 10:04:32.031723	True
2020-11-11 11:04:05.917591	True
2020-11-11 11:27:14.941436	True
2020-11-11 12:12:02.981427	True
2020-11-11 13:59:35.260568	True
2020-11-11 14:42:56.907642	True
2020-11-11 15:28:07.234468	True
2020-11-12 06:37:41.432906	True
2020-11-12 07:28:00.809079	True
2020-11-12 07:58:18.441090	True
2020-11-12 08:23:52.817330	True
2020-11-12 08:28:04.656926	True
2020-11-12 08:54:41.097166	True
2020-11-12 09:38:31.536365	True
2020-11-12 09:47:27.311679	True
2020-11-12 09:53:44.607807	True
2020-11-16 06:22:40.996976	True
2020-11-16 12:47:18.156955	True
2020-11-16 12:58:53.835951	True
2020-11-16 13:10:29.463205	True
2020-11-16 13:24:30.675445	True
2020-11-16 13:33:23.396386	True
2020-11-17 09:41:33.014872	True
2020-11-17 09:51:15.142599	True
2020-11-17 10:00:51.934591	True
2020-11-17 10:04:59.271356	True
2020-11-18 10:09:58.741311	True
2020-11-18 12:12:50.377203	True
2020-11-18 12:34:40.793829	True
2020-11-18 13:10:04.702054	True
2020-11-18 13:49:27.201465	True
2020-11-18 15:03:37.991776	True
2020-11-18 15:11:39.608544	True
2020-11-18 15:41:30.394030	True
2020-11-19 07:46:20.330335	True
2020-11-19 08:04:03.018255	True
2020-11-20 06:28:39.467409	True
2020-11-20 06:36:27.540100	True
2020-11-20 06:46:15.404549	True
2020-11-20 07:22:01.813508	True
2020-11-20 07:45:00.654315	True
2020-11-20 08:00:19.230574	True
2020-11-23 11:21:19.295477	True
2020-11-23 14:35:37.332486	True
2020-11-23 14:41:03.268122	True
2020-11-23 14:47:42.276405	True
2020-11-23 14:52:54.796906	True
2020-11-23 14:58:41.156953	True
2020-11-23 15:04:06.628816	True
2020-11-23 15:09:00.773443	True
2020-11-23 15:13:54.493207	True
2020-11-23 15:19:35.629207	True
2020-11-24 11:02:25.159878	True
2020-11-24 11:07:49.632426	True
2020-11-24 11:13:02.552858	True
2020-11-24 11:17:03.047913	True
2020-11-24 16:05:25.962213	True
2020-11-24 16:09:29.563306	True
2020-11-24 16:13:44.043305	True
2020-11-25 08:45:54.412310	True
2020-11-25 08:50:24.796556	True
2020-11-25 08:54:37.092114	True
2020-11-25 10:50:47.815542	True
2020-11-30 06:48:32.346209	True
2020-11-30 06:54:21.849633	True
2020-11-30 08:00:55.240585	True
2020-11-30 08:05:43.168576	True
2020-12-01 06:26:38.575203	True
2020-12-01 06:42:16.774602	True
2020-12-01 06:57:02.982958	True
2020-12-01 07:15:48.878305	True
2020-12-01 09:31:51.720692	True
2020-12-01 09:37:32.240479	True
2020-12-01 09:45:56.241231	True
2020-12-01 09:51:01.201019	True
2020-12-01 12:16:37.673628	True
2020-12-02 09:38:12.303586	True
2020-12-02 09:42:48.039246	True
2020-12-02 09:47:33.370726	True
2020-12-02 09:52:00.114764	True
2020-12-02 09:56:43.246012	True
2020-12-02 10:01:45.095240	True
2020-12-02 10:07:36.514099	True
2020-12-02 10:12:42.765472	True
2020-12-03 06:53:31.549992	True
2020-12-03 06:57:59.598448	True
2020-12-03 08:44:10.957616	True
2020-12-03 08:49:13.749354	True
2020-12-03 08:53:50.449799	True
2020-12-03 08:58:24.149254	True
2020-12-03 09:23:49.988714	True
2020-12-03 14:53:56.998519	True
2020-12-07 06:13:59.599380	True
2020-12-07 06:17:56.038306	True
2020-12-07 06:22:41.758478	True
2020-12-07 06:27:29.443379	True
2020-12-07 06:32:37.226549	True
2020-12-07 06:36:33.714317	True
2020-12-07 06:53:24.618642	True
2020-12-07 11:30:39.390499	True
2020-12-07 12:05:31.073028	True
2020-12-07 12:09:11.632846	True
2020-12-07 12:13:11.329528	True
2020-12-07 12:18:37.499179	True
2020-12-07 12:23:26.459204	True
2020-12-07 12:30:18.949166	True
2020-12-08 14:18:41.133742	True
2020-12-08 14:30:59.854397	True
2020-12-08 14:42:54.807606	True
2020-12-08 14:48:51.825905	True
2020-12-08 16:13:56.475485	True
2020-12-08 16:16:36.799745	True
2020-12-09 08:05:54.959597	True
2020-12-09 08:11:16.200563	True
2020-12-09 08:15:52.972445	True
2020-12-09 08:21:01.620956	True
2020-12-09 10:21:18.529480	True
2020-12-09 10:26:25.911912	True
2020-12-09 10:30:30.646783	True
2020-12-09 10:35:19.080837	True
2020-12-09 10:40:07.846992	True
2020-12-14 06:23:33.026713	True
2020-12-14 06:27:20.378886	True
2020-12-14 09:35:46.544140	True
2020-12-14 09:46:01.057925	True
2020-12-14 09:53:11.788149	True
2020-12-14 09:58:36.223606	True
2020-12-14 10:43:35.226919	True
2020-12-14 10:51:15.149351	True
2020-12-14 10:58:05.113178	True
2020-12-14 11:02:57.383375	True
2020-12-14 11:08:04.170758	True
2020-12-14 11:13:53.858488	True
2020-12-14 11:20:51.121623	True
2020-12-14 14:47:07.651542	True
2020-12-14 15:04:20.076203	True
2020-12-14 15:36:16.188029	True
2020-12-14 15:52:50.167318	True
2020-12-14 16:05:27.986056	True
2020-12-15 13:58:22.906907	True
2020-12-15 15:48:03.954145	True
2020-12-15 16:22:02.261865	True
2020-12-17 06:10:40.029000	True
2020-12-17 06:14:25.629727	True
2020-12-17 06:18:40.758494	True
2020-12-17 06:23:03.986603	True
2020-12-17 06:27:38.281119	True
2020-12-17 06:32:03.215664	True
2020-12-17 10:03:01.623424	True
2020-12-17 10:05:38.937896	True
2020-12-17 10:10:43.517702	True
2020-12-17 10:15:57.938183	True
2020-12-18 07:29:41.415315	True
2020-12-18 08:46:44.790649	True
2020-12-18 08:58:32.567488	True
2020-12-18 09:29:31.707052	True
2020-12-18 09:34:49.282989	True
2020-12-18 09:38:37.213600	True
2020-12-18 09:44:38.810826	True
2020-12-18 09:49:55.286674	True
2020-12-18 10:17:27.712592	True
2020-12-18 12:11:16.293304	True
2020-12-18 12:19:35.753760	True
2020-12-18 12:24:42.889487	True
2020-12-18 12:30:31.429501	True
2020-12-18 12:35:24.994515	True
2020-12-18 12:41:34.171346	True
2021-01-06 06:18:00.635428	False
2021-01-06 06:47:49.659040	True
2021-01-06 06:52:07.468734	True
2021-01-06 06:55:15.211137	True
2021-01-06 06:58:45.231464	True
2021-01-06 07:01:43.243278	True
2021-01-06 07:04:48.262757	True
2021-01-06 07:07:34.265603	True
2021-01-06 07:10:38.231573	True
2021-01-06 07:15:19.910248	True
2021-01-06 07:20:13.012369	True
2021-01-06 07:24:50.975015	True
2021-01-06 07:29:30.354840	True
2021-01-06 07:34:03.539193	True
2021-01-06 07:38:16.858815	True
2021-01-11 07:09:49.058839	True
2021-01-11 07:16:06.465139	True
2021-01-11 07:21:37.577160	True
2021-01-11 07:27:31.406667	True
2021-01-11 07:31:50.560258	True
2021-01-11 12:36:48.951920	True
2021-01-11 13:49:37.764819	True
2021-01-11 13:53:27.524234	True
2021-01-11 13:57:01.977556	True
2021-01-12 07:36:07.571161	True
2021-01-12 07:42:41.747949	True
2021-01-13 07:21:52.705443	True
2021-01-13 07:26:39.909883	True
2021-01-14 06:04:21.890379	True
2021-01-14 06:09:48.083885	True
2021-01-14 06:14:05.269721	True
2021-01-14 06:18:59.121549	True
2021-01-14 08:23:15.705950	True
2021-01-14 08:26:43.432478	True
2021-01-14 08:31:57.805823	True
2021-01-14 08:36:03.041035	True
2021-01-14 12:07:53.355885	True
2021-01-14 12:14:17.511685	True
2021-01-14 12:19:06.196209	True
2021-01-15 07:13:22.712300	True
2021-01-15 07:17:36.472890	True
2021-01-15 08:03:35.675613	True
2021-01-15 12:02:57.044596	True
2021-01-15 12:15:37.130430	True
2021-01-15 12:21:41.989808	True
2021-01-19 06:06:53.610582	True
2021-01-19 06:33:55.201368	True
2021-01-19 06:40:13.690330	True
2021-01-19 06:44:32.772901	True
2021-01-19 06:50:31.724855	True
2021-01-19 07:04:55.906938	True
2021-01-19 07:10:28.195796	True
2021-01-20 13:47:56.153776	True
2021-01-20 13:52:37.898501	True
2021-01-20 13:56:58.997304	True
2021-01-21 06:16:26.561003	True
2021-01-21 06:21:57.004029	True
2021-01-21 06:27:15.000292	True
2021-01-21 13:02:44.234054	True
2021-01-21 13:16:40.129546	True
2021-01-21 13:24:39.942384	True
2021-01-25 06:11:21.632021	True
2021-01-25 10:39:31.318127	True
2021-01-25 10:43:59.967875	True
2021-01-25 16:01:45.222833	True
2021-01-25 16:21:14.921862	True
2021-02-10 12:25:52.375216	True
2021-02-10 12:28:44.215706	True
2021-02-10 12:40:41.055838	True
2021-02-10 12:45:59.222044	True
2021-02-10 12:47:40.301752	True
2021-02-10 12:50:55.198588	True
2021-02-11 07:43:43.059483	True
2021-02-11 07:49:33.327270	True
2021-02-11 07:55:17.861348	True
2021-02-11 08:00:19.797285	True
2021-02-11 12:31:31.507892	True
2021-02-11 12:36:36.929180	True
2021-02-12 07:55:16.491466	True
2021-02-12 07:57:00.864482	True
2021-02-24 07:15:06.061107	True
2021-02-24 07:22:02.306082	True
2021-02-24 07:26:53.013397	True
2021-02-24 07:33:00.984290	True
2021-02-24 08:36:42.459502	True
2021-02-25 09:33:29.744302	True
2021-03-01 09:30:03.772647	True
2021-03-01 09:34:00.953706	True
2021-03-01 09:36:21.244734	True
2021-03-01 09:39:12.065150	True
2021-03-03 14:31:47.058954	False
2021-03-03 14:36:43.021508	True
2021-03-08 06:42:45.866902	True
2021-03-09 07:13:51.210564	True
2021-03-09 14:21:47.299097	True
2021-03-09 15:56:03.516273	True
2021-03-16 11:00:30.094477	True
2021-03-16 11:02:23.086410	True
2021-03-17 07:29:25.585510	True
2021-03-17 09:53:27.346906	True
2021-03-18 12:39:54.351461	True
2021-03-18 12:44:52.078800	True
2021-03-22 07:41:19.162706	True
2021-03-22 07:48:14.134490	True
2021-03-22 07:50:06.540025	True
2021-03-22 07:53:10.750621	True
2021-03-22 07:57:45.186041	True
2021-03-22 13:37:42.246584	True
2021-03-22 13:51:52.662577	True
2021-03-22 13:59:16.713177	True
2021-03-23 15:24:54.854925	True
2021-03-23 15:32:44.864444	True
2021-03-24 08:22:01.364298	True
2021-03-24 08:41:57.375317	True
2021-03-24 08:45:55.632241	True
2021-03-24 08:50:50.249435	True
2021-03-24 08:56:12.863765	True
2021-03-24 09:26:26.526907	True
2021-03-24 15:17:39.897517	True
2021-03-24 15:22:35.945204	True
2021-03-25 06:18:09.435579	True
2021-03-25 06:23:42.786986	True
2021-03-25 07:32:50.630266	True
2021-03-25 07:36:46.601085	True
2021-03-25 15:24:34.531922	True
2021-03-29 06:42:56.268146	True
2021-03-29 06:57:10.298983	True
2021-04-05 15:48:20.286185	True
2021-04-05 15:51:38.197543	True
2021-04-06 07:04:27.413681	True
2021-04-06 07:19:56.953694	True
2021-04-06 07:52:56.299420	True
2021-04-06 08:32:27.086479	True
2021-04-06 08:49:53.213128	True
2021-04-06 09:47:42.719367	True
2021-04-07 07:43:04.730524	True
2021-04-07 07:48:15.288818	True
2021-04-07 07:52:15.669823	True
2021-04-07 08:06:19.771891	True
2021-04-07 08:10:02.761394	True
2021-04-08 07:34:55.556890	True
2021-04-08 07:37:32.169704	True
2021-04-08 07:41:36.592003	True
2021-04-08 07:44:49.284414	True
2021-04-12 08:32:24.431211	True
2021-04-13 06:22:12.907619	True
2021-04-13 06:28:33.882764	True
2021-04-13 06:45:19.841984	True
2021-04-13 06:50:56.175282	True
2021-04-13 07:29:37.006137	True
2021-04-13 14:41:50.286282	True
2021-04-13 15:00:33.535356	True
2021-04-13 15:07:50.043422	True
2021-04-14 14:51:40.793919	True
2021-04-14 14:55:10.192986	True
2021-04-14 14:58:27.066547	True
2021-04-15 08:11:00.983030	True
2021-04-15 08:15:23.130102	True
2021-04-15 08:20:51.106160	True
2021-04-15 10:19:08.374957	True
2021-04-16 07:51:35.210122	True
2021-04-16 07:58:45.870315	True
2021-04-16 08:05:11.389111	True
2021-04-16 08:09:13.741458	True
2021-04-16 08:17:46.370503	True
2021-04-16 08:24:57.853368	True
2021-04-19 06:40:14.592669	True
2021-04-19 06:42:52.469950	True
2021-04-19 06:45:43.627754	True
2021-04-19 06:48:21.869045	True
2021-04-19 07:05:51.808165	True
2021-04-19 07:08:37.188337	True
2021-04-20 07:44:03.885499	True
2021-04-20 08:29:07.827407	True
2021-04-20 08:34:36.982285	True
2021-04-20 08:39:53.488840	True
2021-04-20 12:01:40.359677	True
2021-04-20 12:04:15.125098	True
2021-04-20 12:08:01.430344	True
2021-04-20 12:10:32.615324	True
2021-04-20 14:21:26.557617	True
2021-04-21 10:12:36.830540	True
2021-04-22 09:32:39.757478	True
2021-04-27 12:21:17.253235	True
2021-04-27 13:01:50.520183	True
2021-04-27 13:58:32.299431	True
2021-04-27 14:16:32.259053	True
2021-04-28 07:17:49.440742	True
2021-04-28 07:20:42.497059	True
2021-04-28 07:23:35.331967	True
2021-04-28 08:08:04.435988	True
2021-04-28 08:31:18.396132	True
2021-04-28 09:33:27.483577	True
2021-04-28 09:36:44.452822	True
2021-04-28 15:27:54.906438	True
2021-04-28 15:31:53.591339	True
2021-04-28 15:37:01.496172	True
2021-04-28 15:40:07.017182	True
2021-04-28 15:43:58.184190	True
2021-04-29 07:14:24.475045	True
2021-04-29 07:18:52.570579	True
2021-04-29 07:24:01.602217	True
2021-04-29 10:23:45.442357	True
2021-04-29 10:34:31.537968	True
2021-04-29 10:37:55.235470	True
2021-04-29 10:54:18.116570	True
2021-04-29 10:59:09.827081	True
2021-04-29 11:07:08.314468	True
2021-04-29 12:32:25.646575	True
2021-04-29 13:42:53.858478	True
2021-04-29 15:05:41.901174	True
2021-04-29 15:08:15.673419	True
2021-05-03 06:19:23.082771	True
2021-05-03 06:43:35.746094	True
2021-05-03 06:49:52.367719	True
2021-05-03 06:53:52.536960	True
2021-05-03 13:24:55.432381	True
2021-05-03 13:30:09.691801	True
2021-05-04 06:22:36.165082	True
2021-05-04 06:29:35.553388	True
2021-05-04 06:33:10.141961	True
2021-05-04 06:58:46.723890	True
2021-05-04 07:38:19.463424	True
2021-05-04 07:42:07.802839	True
2021-05-04 09:20:30.484376	True
2021-05-04 09:23:36.637551	True
2021-05-04 09:26:34.242506	True
2021-05-04 09:38:27.817813	True
2021-05-04 14:37:49.705675	False
2021-05-04 16:11:59.801029	True
2021-05-04 16:17:44.570465	True
2021-05-05 06:00:15.666190	True
2021-05-05 06:02:39.355095	True
2021-05-05 09:23:21.124262	True
2021-05-05 09:25:45.445681	True
2021-05-05 09:28:17.406659	True
2021-05-05 09:30:56.807746	True
2021-05-05 09:33:14.923701	True
2021-05-05 09:35:36.947193	True
2021-05-05 12:29:02.087653	True
2021-05-05 12:32:47.897044	True
2021-05-05 14:33:39.720811	True
2021-05-05 14:42:30.190934	True
2021-05-06 06:22:41.818015	True
2021-05-06 06:24:48.776743	True
2021-05-06 07:32:59.857494	True
2021-05-06 07:34:28.053737	True
2021-05-06 07:53:19.817387	True
2021-05-06 08:15:08.202739	True
2021-05-06 08:21:38.361703	True
2021-05-06 08:24:26.796410	True
2021-05-06 08:53:30.757014	True
2021-05-06 08:57:34.384675	True
2021-05-10 06:19:04.982022	True
2021-05-10 06:22:26.482980	True
2021-05-10 06:24:37.777386	True
2021-05-10 06:57:29.215246	True
2021-05-10 07:02:48.124368	True
2021-05-10 07:06:30.776596	True
2021-05-10 14:51:40.492686	True
2021-05-10 14:56:12.869674	True
2021-05-11 08:02:39.000854	True
2021-05-11 08:07:41.163012	True
2021-05-11 15:59:18.982382	True
2021-05-11 16:01:29.447095	True
2021-05-11 16:03:53.724908	True
2021-05-11 16:06:15.525331	True
2021-05-11 16:08:26.514609	True
2021-05-11 16:10:40.342346	True
2021-05-11 16:20:58.190626	True
2021-05-12 08:26:33.071674	True
2021-05-12 08:28:50.489233	True
2021-05-12 08:32:04.917350	True
2021-05-12 08:35:01.719580	True
2021-05-12 08:37:17.557350	True
2021-05-12 15:57:00.592391	True
2021-05-12 16:01:53.405468	True
2021-05-12 16:04:01.377297	True
2021-05-12 16:06:05.273024	True
2021-05-13 06:57:21.784293	True
2021-05-13 07:00:45.173817	True
2021-05-13 07:07:55.209704	True
2021-05-13 07:14:39.647939	True
2021-05-13 07:35:22.651112	True
2021-05-13 07:38:14.803020	True
2021-05-13 07:40:01.169745	True
2021-05-13 07:41:59.870505	True
2021-05-13 07:44:25.516253	True
2021-05-13 12:51:18.678489	True
2021-05-13 12:53:39.574830	True
2021-05-17 06:51:49.134543	True
2021-05-17 06:53:47.131103	True
2021-05-17 06:55:40.725431	True
2021-05-17 06:57:25.740694	True
2021-05-17 07:39:20.275717	True
2021-05-17 07:43:55.554386	True
2021-05-17 07:47:11.748938	True
2021-05-17 07:49:08.512424	True
2021-05-18 08:30:24.875886	True
2021-05-18 08:42:32.844175	True
2021-05-18 08:48:47.023071	True
2021-05-18 09:24:51.696016	True
2021-05-18 09:38:56.300384	True
2021-05-18 09:51:44.416213	True
2021-05-18 10:44:58.847295	True
2021-05-18 11:02:16.232265	True
2021-05-21 07:23:02.222619	True
2021-05-21 07:25:57.671931	True
2021-05-24 07:19:26.790611	True
2021-05-24 07:21:12.459151	True
2021-05-24 15:14:58.302750	True
2021-05-24 15:23:12.967477	True
2021-05-24 15:30:52.954827	True
2021-05-24 15:43:29.987947	True
2021-05-24 15:48:53.453147	True
2021-05-24 15:51:48.939966	True
2021-05-25 07:25:35.372400	True
2021-05-25 07:28:03.669078	True
2021-05-25 07:30:01.479225	True
2021-05-25 07:32:03.428310	True
2021-05-25 07:34:06.852442	True
2021-05-25 08:00:27.550104	True
2021-05-25 08:08:27.418942	True
2021-05-26 06:27:54.698283	True
2021-05-26 06:29:45.311543	True
2021-05-26 06:31:51.039278	True
2021-05-26 06:35:40.808803	True
2021-05-26 06:38:00.380244	True
2021-05-26 06:40:31.425266	True
2021-05-26 12:24:30.583773	True
2021-05-26 12:26:37.837099	True
2021-05-26 12:28:39.271643	True
2021-05-26 12:51:23.161917	True
2021-05-26 12:53:39.903481	True
2021-05-26 12:56:59.086177	True
2021-05-26 14:35:11.861325	True
2021-05-27 07:03:09.295126	True
2021-05-27 07:06:20.778262	True
2021-05-27 07:09:07.159034	True
2021-05-27 07:14:46.110912	True
2021-06-01 08:09:54.057571	True
2021-06-01 08:24:33.413056	True
2021-06-01 08:28:00.799038	True
2021-06-01 08:33:42.316495	True
2021-06-01 08:37:34.797151	True
2021-06-02 07:31:24.173408	True
2021-06-02 07:37:14.736411	True
2021-06-02 07:40:39.696558	True
2021-06-03 06:57:06.454156	True
2021-06-03 06:59:31.077878	True
2021-06-03 07:02:46.320369	True
2021-06-03 08:16:06.869725	True
2021-06-03 08:57:34.967090	True
2021-06-03 09:55:07.976189	True
2021-06-03 12:03:39.029103	True
2021-06-03 13:15:18.093928	True
2021-06-04 07:24:45.524372	True
2021-06-04 07:27:16.943521	True
2021-06-04 07:30:03.116222	True
2021-06-04 07:33:10.534245	True
2021-06-04 07:37:30.280848	True
2021-06-04 07:39:43.297940	True
2021-06-08 09:52:30.745229	True
2021-06-08 09:56:06.665172	True
2021-06-08 10:00:20.316267	True
2021-06-08 10:04:29.116312	True
2021-06-08 10:08:06.546199	True
2021-06-08 10:12:09.753193	True
2021-06-08 11:28:38.885487	False
2021-06-17 07:47:34.426665	True
2021-06-17 07:53:47.637039	True
2021-06-22 08:08:52.486162	True
2021-06-22 08:11:54.591295	True
2021-06-22 10:02:13.569722	True
2021-06-22 10:04:15.616939	True
2021-06-22 13:19:12.051802	True
2021-06-22 13:25:44.358256	True
2021-06-22 13:27:38.708606	True
2021-06-23 06:33:14.355157	True
2021-06-23 07:40:15.823218	True
2021-06-23 15:27:45.978515	True
2021-06-24 06:02:13.738656	True
2021-06-24 07:03:59.615422	True
2021-06-24 07:46:04.700623	True
2021-06-25 07:01:06.200341	True
2021-06-25 09:40:46.073752	True
2021-06-28 13:17:49.509396	True
2021-06-28 15:01:55.838245	True
2021-06-29 08:28:12.435615	True
2021-06-29 09:27:58.538031	True
2021-06-29 09:50:49.630913	True
2021-06-29 09:58:59.457563	True
2021-06-29 10:08:34.292676	True
2021-07-14 13:43:26.199341	True
2021-07-20 10:54:23.101846	True
2021-07-20 11:04:37.422468	True
2021-07-20 11:09:46.135411	True
2021-07-20 11:15:58.852847	True
2021-07-21 10:04:13.466012	True
2021-07-21 10:13:24.127814	True
2021-07-21 10:17:09.379553	True
2021-07-21 10:21:31.464762	True
2021-07-21 10:26:01.696014	True
2021-07-21 10:31:22.774227	True
2021-07-22 09:48:45.929036	True
2021-07-23 06:54:11.562133	True
2021-07-23 06:59:26.122490	True
2021-07-23 07:02:08.802693	True
2021-07-23 08:01:26.191497	True
2021-07-23 08:14:09.596503	True
2021-07-23 08:22:08.630786	True
2021-07-23 10:23:39.538146	True
2021-07-26 15:25:26.587777	True
2021-07-27 06:37:41.234718	True
2021-07-27 06:53:36.161034	True
2021-07-27 07:04:14.977176	True
2021-07-27 07:06:49.342837	True
2021-07-27 07:09:26.878031	True
2021-07-28 06:04:03.614106	True
2021-07-28 06:10:16.512802	True
2021-07-28 06:17:33.086187	True
2021-07-28 09:36:25.855787	True
2021-07-28 09:48:06.166737	True
2021-07-28 09:54:37.359987	True
2021-07-28 12:04:32.746095	True
2021-07-28 13:30:26.741646	True
2021-07-28 13:44:15.465032	True
2021-07-29 06:20:32.517717	True
2021-07-29 06:36:54.911764	True
2021-07-29 07:30:47.990300	True
2021-07-29 08:19:24.415785	True
2021-07-29 08:29:34.751610	True
2021-07-29 08:34:32.522779	True
2021-07-29 10:25:03.052310	True
2021-07-29 11:04:36.865290	True
2021-07-29 11:21:21.455519	True
2021-07-30 08:04:42.688858	True
2021-08-02 06:45:10.918223	True
2021-08-02 07:10:30.669977	True
2021-08-02 07:59:02.162337	True
2021-08-02 09:40:04.548831	True
2021-08-02 10:22:04.105263	True
2021-08-02 10:57:26.942697	True
2021-08-02 13:10:48.092289	True
2021-08-02 14:37:34.687428	True
2021-08-02 15:02:19.438099	True
2021-08-03 06:06:05.692436	True
2021-08-03 06:28:00.208116	True
2021-08-03 06:44:15.577134	True
2021-08-03 06:48:44.017639	True
2021-08-03 08:19:19.160424	True
2021-08-03 08:33:06.198573	True
2021-08-03 10:09:35.874800	False
2021-08-03 12:01:07.160648	True
2021-08-03 14:22:09.108313	True
2021-08-03 14:33:12.556965	True
2021-08-03 14:42:49.195597	True
2021-08-04 06:41:58.365252	True
2021-08-04 06:59:19.626075	True
2021-08-04 07:12:43.254435	True
2021-08-04 08:33:37.568951	True
2021-08-04 08:50:58.466504	True
2021-08-04 09:30:07.807606	True
2021-08-04 11:04:57.468390	True
2021-08-04 11:20:01.399910	True
2021-08-04 12:28:06.339035	True
2021-08-04 14:18:23.272276	True
2021-08-04 14:30:47.845666	True
2021-08-04 15:40:19.928276	True
2021-08-05 06:22:33.054693	True
2021-08-05 06:43:42.650724	True
2021-08-05 09:53:07.546401	True
2021-08-05 10:19:00.282556	True
2021-08-05 10:36:37.423378	True
2021-08-05 12:18:47.144420	True
2021-08-05 12:38:29.977070	True
2021-08-05 14:19:40.117348	True
2021-08-06 06:52:52.059681	True
2021-08-06 06:56:51.143870	True
2021-08-06 09:49:02.002502	True
2021-08-06 11:30:37.615471	True
2021-08-06 11:50:22.405236	True
2021-08-09 06:15:36.250593	True
2021-08-09 06:52:21.192607	True
2021-08-09 12:02:21.767106	True
2021-08-09 12:14:37.372724	True
2021-08-09 15:36:16.694924	True
2021-08-10 07:57:23.861736	True
2021-08-10 08:19:40.192774	True
2021-08-10 10:42:10.679907	True
2021-08-11 06:03:36.961912	True
2021-08-11 06:22:41.681915	True
2021-08-11 06:43:44.622701	True
2021-08-11 07:29:56.775942	True
2021-08-11 09:37:49.629476	True
2021-08-11 09:48:16.474048	True
2021-08-11 10:39:31.611489	True
2021-08-11 11:02:49.326350	True
2021-08-12 06:28:05.531204	True
2021-08-12 06:54:13.005071	True
2021-08-12 08:11:38.534584	True
2021-08-12 09:28:09.176798	True
2021-08-12 10:11:32.238842	True
2021-08-12 12:21:14.678635	True
2021-08-12 12:49:22.407832	True
2021-08-12 15:59:18.284450	True
2021-08-13 07:35:42.571537	True
2021-08-13 08:13:57.569246	True
2021-08-13 09:35:06.803006	True
2021-08-13 09:45:37.141157	True
2021-08-13 10:18:15.100602	True
2021-08-13 12:26:37.808178	True
2021-08-13 13:43:57.664289	True
2021-08-14 06:30:09.470202	True
2021-08-14 08:10:15.430184	True
2021-08-14 09:57:23.327212	True
2021-08-14 11:26:10.592928	True
2021-08-14 11:39:08.071890	True
2021-08-16 08:35:28.986661	True
2021-08-16 08:45:48.627836	True
2021-08-16 09:57:48.651988	True
2021-08-16 10:20:52.939088	True
2021-08-17 07:24:32.052234	True
2021-08-17 10:20:37.025102	True
2021-08-18 07:11:02.615028	True
2021-08-18 07:39:25.877325	True
2021-08-18 09:51:31.048528	True
2021-08-18 10:00:27.574052	True
2021-08-18 12:58:30.031217	True
2021-08-18 13:36:29.832814	True
2021-08-18 14:03:36.625515	True
2021-08-19 07:45:14.522639	True
2021-08-19 08:00:09.688123	True
2021-08-19 08:16:59.161934	True
2021-08-19 08:49:41.666963	False
2021-08-19 10:58:51.003516	True
2021-08-19 11:02:09.366908	True
2021-08-19 11:07:31.136286	True
2021-08-19 15:00:52.799113	True
2021-08-19 15:03:43.450021	True
2021-08-20 06:41:14.143656	True
2021-08-20 06:44:17.893537	True
2021-08-20 07:25:12.424733	True
2021-08-20 08:57:26.754288	True
2021-08-20 08:59:42.934188	True
2021-08-20 09:03:25.066282	True
2021-08-20 14:07:30.875001	True
2021-08-23 06:11:15.600966	True
2021-08-23 07:02:50.786562	True
2021-08-23 09:48:59.768685	True
2021-08-23 10:13:05.365434	True
2021-08-23 10:33:20.373197	True
2021-08-23 13:14:12.130614	True
2021-08-23 15:34:55.293912	True
2021-08-24 07:37:46.547117	True
2021-08-24 08:01:30.611749	True
2021-08-24 08:14:15.150803	True
2021-08-24 10:09:57.353687	True
2021-08-24 10:49:35.834618	True
2021-08-24 11:14:51.916147	True
2021-08-24 14:27:41.262758	True
2021-08-24 14:44:21.621903	True
2021-08-25 07:32:39.804073	True
2021-08-25 07:41:56.885339	True
2021-08-25 07:46:17.393446	True
2021-08-25 11:02:13.842672	True
2021-08-25 11:05:03.728623	True
2021-08-25 11:07:55.901454	True
2021-08-25 15:24:37.633825	True
2021-08-25 15:33:20.147576	True
2021-08-25 15:41:53.569346	True
2021-08-26 06:16:41.215412	True
2021-08-26 08:14:37.889797	True
2021-08-26 08:39:18.095311	True
2021-08-26 10:57:30.294608	True
2021-08-26 11:02:07.170678	True
2021-08-26 11:06:15.515477	True
2021-08-26 14:57:29.348590	True
2021-08-26 15:01:05.000815	True
2021-08-27 07:36:14.045026	True
2021-08-27 07:41:31.026418	True
2021-08-27 08:46:21.126066	True
2021-08-27 10:36:02.477643	True
2021-08-27 12:55:21.592389	True
2021-08-27 13:00:23.359355	True
2021-08-30 06:43:20.797277	True
2021-08-30 08:00:36.526792	True
2021-08-30 08:04:56.187652	True
2021-08-30 09:45:43.038821	True
2021-08-30 09:48:35.665242	True
2021-08-30 09:52:06.025768	True
2021-08-30 10:52:37.648907	True
2021-08-30 10:57:03.986704	True
2021-08-30 11:00:28.976549	True
2021-08-30 15:23:16.168782	True
2021-08-30 15:26:03.022922	True
2021-08-30 16:01:55.499557	True
2021-08-31 07:46:50.503334	True
2021-08-31 07:50:41.397068	True
2021-08-31 07:53:50.385623	True
2021-08-31 08:04:48.315312	True
2021-08-31 08:12:48.660879	False
2021-08-31 08:15:27.720198	True
2021-08-31 08:43:29.277708	True
2021-08-31 10:15:54.896885	True
2021-08-31 12:30:04.630160	True
2021-08-31 12:38:24.401930	True
2021-09-01 06:36:52.108295	True
2021-09-01 06:57:56.818963	True
2021-09-01 08:17:27.421018	True
2021-09-01 08:46:22.100367	True
2021-09-01 13:33:17.947977	True
2021-09-01 13:36:54.991906	True
2021-09-01 13:40:33.316395	True
2021-09-02 06:34:09.857583	True
2021-09-02 06:39:48.119985	True
2021-09-02 09:28:04.338468	True
2021-09-02 09:55:42.058243	True
2021-09-02 10:06:17.945011	True
2021-09-02 10:10:33.169576	True
2021-09-02 11:05:50.839253	True
2021-09-02 11:28:33.409622	True
2021-09-03 07:03:45.253182	True
2021-09-03 07:07:25.721807	True
2021-09-03 09:57:55.799816	True
2021-09-03 10:00:01.244683	True
2021-09-03 10:02:10.768645	True
2021-09-03 13:40:21.991059	True
2021-09-03 13:42:04.856013	True
2021-09-07 08:17:46.092661	True
2021-09-07 08:21:21.067934	True
2021-09-07 08:25:15.841278	True
2021-09-07 12:38:06.014147	True
2021-09-07 13:06:49.827776	True
2021-09-07 15:50:13.484317	True
2021-09-07 16:00:44.676231	True
2021-09-08 06:05:31.090804	True
2021-09-08 09:32:04.117312	True
2021-09-08 09:36:51.696848	True
2021-09-08 09:39:24.239215	True
2021-09-08 12:38:37.038168	True
2021-09-08 12:59:09.706846	True
2021-09-09 06:55:48.669547	True
2021-09-09 07:07:31.242319	True
2021-09-09 07:18:27.274507	True
2021-09-09 08:27:04.841891	True
2021-09-09 08:29:24.868818	True
2021-09-09 08:31:39.500088	True
2021-09-09 09:33:16.314927	False
2021-09-09 09:36:33.034081	True
2021-09-09 09:40:53.549990	False
2021-09-09 09:42:32.718384	False
2021-09-09 09:49:13.144882	False
2021-09-09 09:50:29.737484	False
2021-09-09 10:06:42.297803	False
2021-09-09 10:11:46.506791	False
2021-09-09 10:17:30.286082	True
2021-09-09 10:20:39.423161	True
2021-09-09 11:00:46.117852	True
2021-09-09 13:21:17.499855	True
2021-09-09 13:27:12.122577	True
2021-09-10 06:18:59.328213	True
2021-09-10 06:30:25.924398	True
2021-09-10 06:43:07.482204	True
2021-09-10 08:02:01.462352	True
2021-09-10 08:09:53.486605	True
2021-09-10 08:58:33.380325	True
2021-09-10 09:05:02.608817	True
2021-09-10 09:28:10.627275	True
2021-09-10 10:36:56.287754	True
2021-09-10 11:42:44.059103	True
2021-09-10 11:50:31.622972	True
2021-09-10 12:58:39.846936	True
2021-09-10 13:53:10.741028	True
2021-09-13 06:26:10.879798	True
2021-09-13 06:52:02.957616	True
2021-09-13 06:57:01.923358	True
2021-09-13 08:16:08.499951	True
2021-09-13 08:40:49.571541	True
2021-09-13 08:51:45.741849	True
2021-09-13 10:53:30.288983	True
2021-09-13 10:59:45.017927	True
2021-09-13 12:29:32.079696	True
2021-09-13 13:45:35.583007	True
2021-09-13 15:54:44.931739	True
2021-09-13 16:08:22.539339	True
2021-09-14 06:55:37.825973	True
2021-09-14 06:57:18.420621	True
2021-09-14 08:37:01.191886	True
2021-09-14 08:45:44.398466	True
2021-09-14 09:39:39.799630	True
2021-09-14 11:11:51.487209	True
2021-09-14 12:05:13.611595	True
2021-09-14 12:35:28.515742	True
2021-09-14 15:05:39.601015	True
2021-09-14 15:15:16.055249	True
2021-09-14 15:25:58.348927	True
2021-09-15 07:25:39.185144	True
2021-09-15 07:35:25.488459	True
2021-09-15 07:48:35.224394	True
2021-09-15 09:51:28.866526	True
2021-09-15 09:55:59.011043	True
2021-09-15 10:35:25.222128	True
2021-09-15 12:58:01.479419	True
2021-09-15 13:37:24.116500	True
2021-09-15 16:03:38.313397	True
2021-09-15 16:14:21.225325	True
2021-09-16 06:11:39.058646	True
2021-09-16 07:12:49.402436	True
2021-09-16 07:38:53.604080	True
2021-09-16 07:47:03.795204	True
2021-09-16 09:56:56.701877	True
2021-09-16 10:11:16.018941	True
2021-09-16 11:13:52.819368	True
2021-09-16 13:53:03.678501	True
2021-09-16 14:30:05.802349	True
2021-09-16 15:30:08.468054	True
2021-09-16 15:44:11.843217	True
2021-09-17 06:57:55.478407	True
2021-09-17 07:28:13.202239	True
2021-09-17 07:46:04.944769	True
2021-09-17 10:10:28.077209	True
2021-09-17 10:30:46.122862	True
2021-09-17 13:22:15.960579	True
2021-09-20 06:09:04.959041	True
2021-09-20 07:02:12.334112	True
2021-09-20 08:08:39.966004	True
2021-09-20 08:18:34.515016	True
2021-09-20 08:48:47.783231	True
2021-09-20 15:06:41.552711	True
2021-09-21 07:23:27.832583	True
2021-09-21 07:36:31.666344	True
2021-09-21 09:36:46.904274	True
2021-09-21 12:04:48.273350	True
2021-09-21 12:31:15.072121	True
2021-09-21 14:50:12.214126	True
2021-09-21 14:58:30.096307	True
2021-09-21 15:25:11.319053	True
2021-09-21 16:07:16.844949	True
2021-09-22 06:43:26.225371	True
2021-09-22 07:13:20.368077	True
2021-09-22 07:21:57.623026	True
2021-09-22 08:22:00.949536	True
2021-09-22 08:36:09.758555	True
2021-09-22 10:01:33.151095	True
2021-09-22 11:11:34.559771	True
2021-09-22 12:17:24.427470	True
2021-09-23 07:10:22.675230	True
2021-09-23 07:11:45.080458	True
2021-09-23 08:29:38.279915	True
2021-09-23 08:38:28.460321	True
2021-09-23 10:03:22.444710	True
2021-09-23 14:20:53.239105	True
2021-09-29 06:34:54.801842	True
2021-09-29 06:43:01.242719	True
2021-09-29 07:11:03.437544	True
2021-09-29 07:31:15.632620	True
2021-09-29 12:06:07.314740	True
2021-09-29 13:06:31.820635	True
2021-09-29 13:29:39.108158	True
2021-09-29 14:41:53.128556	True
2021-09-29 14:58:50.904480	True
2021-09-29 15:46:48.442425	True
2021-09-30 06:26:27.581873	True
2021-09-30 06:39:48.655873	True
2021-09-30 06:51:06.326884	True
2021-09-30 07:20:23.844218	True
2021-09-30 07:47:20.343370	True
2021-09-30 08:10:21.209798	True
2021-09-30 09:41:52.647256	True
2021-09-30 10:25:20.506468	True
2021-09-30 10:34:49.241144	True
2021-09-30 14:19:42.153508	True
2021-09-30 14:23:02.083304	True
2021-09-30 14:28:38.071535	True
2021-09-30 14:41:45.489455	True
2021-09-30 15:21:51.848542	True
2021-09-30 15:37:10.621885	True
2021-09-30 15:42:44.343894	True
2021-09-30 16:09:35.630942	True
2021-10-01 07:16:22.999857	True
2021-10-01 08:37:37.058464	True
2021-10-01 08:40:39.290474	True
2021-10-01 08:50:05.136284	True
2021-10-01 09:39:24.347124	True
2021-10-01 10:22:53.574479	True
2021-10-01 10:36:40.899823	True
2021-10-01 10:50:54.243559	True
2021-10-01 13:48:13.710260	True
2021-10-04 06:10:28.567881	True
2021-10-04 07:22:24.198138	True
2021-10-04 07:40:05.015386	True
2021-10-04 12:21:59.678289	True
2021-10-04 12:27:12.128925	True
2021-10-04 12:41:41.768948	True
2021-10-04 14:25:48.965002	True
2021-10-04 14:36:06.858767	True
2021-10-04 14:47:14.061332	True
2021-10-04 14:52:05.486866	True
2021-10-05 06:24:32.175243	True
2021-10-05 06:29:22.349853	True
2021-10-05 07:27:14.887347	True
2021-10-05 07:38:06.575071	True
2021-10-05 07:46:27.053673	True
2021-10-05 12:08:03.177442	True
2021-10-05 12:31:59.305494	True
2021-10-05 12:54:54.289777	True
2021-10-05 13:06:13.133224	True
2021-10-05 14:29:22.536619	True
2021-10-05 14:43:19.869826	True
2021-10-05 14:54:43.431727	True
2021-10-05 15:09:49.078755	True
2021-10-06 06:15:09.652775	True
2021-10-06 06:18:20.940212	True
2021-10-06 06:27:43.418967	True
2021-10-06 06:33:02.113677	True
2021-10-06 06:36:56.120868	True
2021-10-06 06:43:37.852511	True
2021-10-06 06:48:20.335063	True
2021-10-06 06:56:11.625651	True
2021-10-06 10:10:33.186371	True
2021-10-06 10:12:18.439219	True
2021-10-06 13:28:27.727569	True
2021-10-06 13:36:29.371742	True
2021-10-06 14:21:33.750326	True
2021-10-06 14:26:21.253515	True
2021-10-06 14:32:16.594295	True
2021-10-07 06:06:42.329985	True
2021-10-07 06:08:39.550776	True
2021-10-07 06:43:46.999205	True
2021-10-07 07:21:36.778767	True
2021-10-07 07:31:38.743329	True
2021-10-07 07:35:24.357745	True
2021-10-07 07:45:37.774126	True
2021-10-07 07:48:55.933720	True
2021-10-07 08:32:47.252389	True
2021-10-07 10:45:50.480984	True
2021-10-07 12:06:27.561737	True
2021-10-07 12:14:42.791287	True
2021-10-07 12:19:12.471583	True
2021-10-07 12:21:49.370267	True
2021-10-07 12:33:36.685951	True
2021-10-07 12:36:13.480897	True
2021-10-07 12:42:52.780298	True
2021-10-07 12:55:47.101880	True
2021-10-11 06:26:35.657142	True
2021-10-11 06:43:36.706854	True
2021-10-11 07:42:14.082066	True
2021-10-11 07:47:13.005232	True
2021-10-11 13:45:36.163475	True
2021-10-11 13:49:41.542185	True
2021-10-11 14:27:12.738068	True
2021-10-11 14:43:36.986463	True
2021-10-11 15:48:35.313900	True
2021-10-11 16:03:49.450567	True
2021-10-12 06:35:16.936283	True
2021-10-12 06:38:56.671043	True
2021-10-12 06:41:26.391916	True
2021-10-12 07:20:28.071252	True
2021-10-12 08:01:07.282002	True
2021-10-12 08:14:05.244279	True
2021-10-12 08:16:29.019911	True
2021-10-12 08:51:38.846361	True
2021-10-12 08:54:45.993006	True
2021-10-12 09:24:13.716768	True
2021-10-12 09:31:23.703114	True
2021-10-12 13:28:52.022535	True
2021-10-12 13:32:08.585427	True
2021-10-12 13:37:36.145341	True
2021-10-12 13:46:17.786686	True
2021-10-12 13:51:24.090307	True
2021-10-12 14:15:43.482311	True
2021-10-12 15:12:43.210969	True
2021-10-12 15:43:07.681141	True
2021-10-12 16:11:04.224328	True
2021-10-13 06:49:51.784533	True
2021-10-13 06:59:29.025530	True
2021-10-13 07:04:49.703342	True
2021-10-13 07:16:41.129564	True
2021-10-13 07:21:55.743539	True
2021-10-13 07:28:16.228395	True
2021-10-13 07:35:59.191757	True
2021-10-13 07:57:46.337249	True
2021-10-13 08:01:35.934422	True
2021-10-13 12:28:24.677429	True
2021-10-13 12:33:25.759789	True
2021-10-13 14:33:29.076076	True
2021-10-13 14:41:56.335940	True
2021-10-13 14:49:47.182135	True
2021-10-13 15:03:52.440300	True
2021-10-13 15:35:49.207586	True
2021-10-13 16:00:03.976975	True
2021-10-14 06:15:16.477620	True
2021-10-14 06:23:02.074233	True
2021-10-14 06:41:12.491768	True
2021-10-14 06:46:34.520020	True
2021-10-14 06:58:04.343158	True
2021-10-14 07:03:53.694333	True
2021-10-14 07:07:43.924904	True
2021-10-14 07:25:40.310570	False
2021-10-14 07:27:28.988163	True
2021-10-14 07:36:05.162329	True
2021-10-14 07:43:23.456643	True
2021-10-14 07:47:25.157506	True
2021-10-14 14:30:27.156431	True
2021-10-14 14:57:13.926350	True
2021-10-18 10:42:07.385679	True
2021-10-18 10:45:32.538214	True
2021-10-18 13:13:50.379024	True
2021-10-18 13:38:47.850219	True
2021-10-18 14:56:48.997522	True
2021-10-19 06:48:54.660939	True
2021-10-19 08:46:02.572795	True
2021-10-19 08:49:10.384175	True
2021-10-19 09:50:00.274763	True
2021-10-19 10:45:55.040292	True
2021-10-19 12:07:52.424352	True
2021-10-19 12:10:11.556973	True
2021-10-19 13:48:15.528130	True
2021-10-19 15:08:27.842171	True
2021-10-19 15:51:32.947349	True
2021-10-19 16:19:44.963425	True
2021-10-20 07:12:25.085114	True
2021-10-20 07:18:33.725489	True
2021-10-20 08:22:36.946769	True
2021-10-20 08:29:19.503750	True
2021-10-20 08:52:12.624268	True
2021-10-20 09:38:33.287445	True
2021-10-20 09:43:38.851529	True
2021-10-20 09:45:56.910362	True
2021-10-20 10:34:58.360684	True
2021-10-20 12:16:03.969674	True
2021-10-20 12:31:52.160418	True
2021-10-20 14:24:29.184887	True
2021-10-20 14:31:46.804205	True
2021-10-20 15:00:31.979956	True
2021-10-22 11:38:44.126768	False
2021-11-04 14:44:06.847889	True
2021-11-04 14:50:26.605532	True
2021-11-04 15:27:34.048472	True
2021-11-04 16:06:25.423164	True
2021-11-05 06:08:01.113427	True
2021-11-05 07:02:22.874655	True
2021-11-05 07:20:23.168458	True
2021-11-05 07:25:28.834834	True
2021-11-05 07:36:28.015710	True
2021-11-05 07:52:19.042638	True
2021-11-05 08:32:02.824945	True
2021-11-05 08:37:27.980141	True
2021-11-05 09:27:13.212269	True
2021-11-05 09:37:00.511161	True
2021-11-05 11:18:58.700951	True
2021-11-05 12:16:56.601592	True
2021-11-05 13:06:14.552982	True
2021-11-08 06:14:37.558542	True
2021-11-08 06:35:14.336907	True
2021-11-08 06:49:48.606023	True
2021-11-08 06:59:14.784615	True
2021-11-08 07:47:46.161743	True
2021-11-08 07:51:01.402771	True
2021-11-08 08:01:45.555663	True
2021-11-08 09:34:16.492259	True
2021-11-08 09:41:59.763557	True
2021-11-08 09:47:46.734820	True
2021-11-08 14:19:21.129330	True
2021-11-08 14:34:36.470824	True
2021-11-08 15:01:34.309368	False
2021-11-08 15:24:38.537618	True
2021-11-08 15:44:16.119571	True
2021-11-08 15:54:47.803818	True
2021-11-08 16:02:22.677735	True
2021-11-09 06:56:11.872845	True
2021-11-09 07:04:06.561899	True
2021-11-09 07:14:13.975098	True
2021-11-09 07:57:25.387165	True
2021-11-09 08:02:02.793514	True
2021-11-09 08:05:36.916054	True
2021-11-09 08:10:15.196066	True
2021-11-09 08:20:59.152421	True
2021-11-09 08:23:07.837359	True
2021-11-09 12:27:12.989558	True
2021-11-09 12:41:32.655738	True
2021-11-09 12:53:01.665714	True
2021-11-09 14:28:33.909666	True
2021-11-09 14:34:55.516593	True
2021-11-09 15:35:30.797453	True
2021-11-10 06:40:20.523639	True
2021-11-10 06:45:13.992106	True
2021-11-10 06:50:57.786036	True
2021-11-10 06:55:24.713448	True
2021-11-10 06:59:45.356640	True
2021-11-10 07:01:17.705752	True
2021-11-10 07:14:27.216064	True
2021-11-10 07:24:27.798426	True
2021-11-10 07:31:34.766918	True
2021-11-10 07:38:42.223108	True
2021-11-10 12:49:11.970102	True
2021-11-10 13:17:08.993653	True
2021-11-10 13:26:22.568939	True
2021-11-10 13:37:48.838485	True
2021-11-10 13:45:23.554976	True
2021-11-10 15:08:07.342960	True
2021-11-10 15:31:19.008286	True
2021-11-11 06:44:16.742957	True
2021-11-11 06:50:09.450095	True
2021-11-11 07:07:53.154521	True
2021-11-11 08:49:09.357055	True
2021-11-11 09:30:25.299804	True
2021-11-11 09:46:26.704881	True
2021-11-11 14:45:46.424397	True
2021-11-11 14:54:22.144677	True
2021-11-11 15:17:52.781320	True
2021-11-15 07:23:52.802746	True
2021-11-15 07:30:06.186802	True
2021-11-15 07:40:33.417936	True
2021-11-15 08:05:39.306467	True
2021-11-15 09:45:16.502258	True
2021-11-15 09:55:00.033760	True
2021-11-15 10:00:30.154447	True
2021-11-15 10:05:11.263128	True
2021-11-15 14:26:42.606846	True
2021-11-15 14:34:09.678336	True
2021-11-15 14:47:06.354794	True
2021-11-15 15:10:12.394036	True
2021-11-16 07:31:13.563922	True
2021-11-16 07:34:35.587507	True
2021-11-16 08:46:07.041904	True
2021-11-16 08:53:02.287655	True
2021-11-16 12:01:20.697984	True
2021-11-16 12:05:16.943679	True
2021-11-16 13:53:19.495767	True
2021-11-16 14:17:40.205268	True
2021-11-16 14:20:18.647905	True
2021-11-16 14:23:39.077316	True
2021-11-17 08:23:34.449413	True
2021-11-17 09:23:28.393909	True
2021-11-17 13:32:34.637056	True
2021-11-17 15:33:01.787035	True
2021-11-17 15:44:01.500869	True
2021-11-18 07:00:57.761746	True
2021-11-18 07:37:06.539090	True
2021-11-18 09:43:02.442235	True
2021-11-18 09:55:59.403128	True
2021-11-18 12:39:28.010718	True
2021-11-19 06:48:03.166591	True
2021-11-19 06:50:26.447622	True
2021-11-19 09:45:44.935190	True
2021-11-19 12:05:32.622881	True
2021-11-22 06:25:40.858557	True
2021-11-22 07:16:08.469007	True
2021-11-22 12:30:48.590683	True
2021-11-22 12:34:54.276301	True
2021-11-22 13:24:46.168791	True
2021-11-22 14:25:57.385977	True
2021-11-22 14:38:24.391663	True
2021-11-22 16:02:17.604537	True
2021-11-22 16:05:30.565114	True
2021-11-22 16:08:59.408228	True
2021-11-23 06:33:12.871267	True
2021-11-23 06:40:27.861703	True
2021-11-23 06:48:58.172806	True
2021-11-23 07:05:37.265045	True
2021-11-23 07:25:26.704655	True
2021-11-23 07:30:54.570712	True
2021-11-23 09:38:26.728638	True
2021-11-23 09:54:32.593224	True
2021-11-23 12:10:19.193947	True
2021-11-23 12:21:45.684263	True
2021-11-23 12:28:44.786314	True
2021-11-23 13:30:52.189303	True
2021-11-23 13:37:11.884987	True
2021-11-23 13:40:06.010034	True
2021-11-23 14:32:34.732575	True
2021-11-23 14:35:49.501932	True
2021-11-23 15:16:23.040198	False
2021-11-24 08:54:46.676918	True
2021-11-24 09:33:52.088836	True
2021-11-29 06:17:17.632996	True
2021-11-29 06:21:13.748934	True
2021-11-29 11:24:07.524037	True
2021-11-29 11:42:57.611956	True
2021-11-29 12:02:53.382691	True
2021-11-29 12:18:43.257208	True
2021-11-29 13:33:00.115734	True
2021-11-29 15:49:36.093724	True
2022-01-10 12:33:18.822974	True
2022-01-10 12:54:40.209856	True
2022-01-10 13:07:03.946845	True
2022-01-10 13:23:36.293286	True
2022-01-10 14:51:23.033647	True
2022-01-10 15:27:28.698365	True
2022-01-11 06:05:04.819413	True
2022-01-11 06:18:28.609353	True
2022-01-11 07:23:09.782272	True
2022-01-11 07:54:26.618714	True
2022-01-11 10:35:33.585414	True
2022-01-11 12:21:16.966514	True
2022-01-11 12:27:16.746946	True
2022-01-12 06:07:02.794866	True
2022-01-12 06:14:58.328306	True
2022-01-12 06:33:21.654311	True
2022-01-13 06:16:18.588103	False
2022-01-13 06:17:50.605150	False
2022-01-13 10:06:14.763270	True
2022-01-13 10:54:10.042091	True
2022-01-13 11:00:46.666849	True
2022-01-13 12:41:48.069219	True
2022-01-18 08:40:34.373369	True
2022-01-18 08:53:12.648625	True
2022-01-18 09:21:17.853641	True
2022-01-18 12:02:53.988870	True
2022-01-18 14:28:10.639584	True
2022-01-18 14:34:48.532345	True
2022-01-18 15:04:07.984195	True
2022-01-18 15:41:50.426663	True
2022-01-18 15:49:57.570594	True
2022-01-18 16:09:17.648014	True
2022-01-19 08:14:31.414463	True
2022-01-19 08:24:31.540265	True
2022-01-19 08:28:54.322453	True
2022-01-19 08:31:10.306548	True
2022-01-19 08:36:28.938681	True
2022-01-19 12:52:18.139293	True
2022-01-19 13:00:10.652347	True
2022-01-19 13:07:52.096854	True
2022-01-19 15:01:32.168038	True
2022-01-19 15:21:15.163209	True
2022-01-19 15:27:03.571071	True
2022-01-20 06:15:59.649905	True
2022-01-20 06:29:23.996855	True
2022-01-20 07:21:03.952533	True
2022-01-20 07:48:39.288768	True
2022-01-20 07:53:35.732890	True
2022-01-20 09:45:31.876344	True
2022-01-20 12:32:21.125524	True
2022-01-20 15:05:35.231611	True
2022-01-20 15:39:57.084770	True
2022-01-21 06:32:53.331214	True
2022-01-21 07:17:44.789708	True
2022-01-21 08:00:08.280795	True
2022-01-21 08:21:41.186662	True
2022-01-21 09:37:13.669124	True
2022-01-21 09:41:29.872045	True
2022-01-21 10:47:37.556228	True
2022-01-21 10:51:35.431186	True
2022-01-21 11:17:01.637541	True
2022-01-21 13:01:21.029753	True
2022-01-21 13:46:40.316766	True
2022-01-21 13:53:27.426497	True
2022-01-21 16:01:48.446130	True
2022-01-22 07:06:23.120067	True
2022-01-22 11:18:43.998451	True
2022-01-24 08:17:23.054815	True
2022-01-24 08:34:03.408181	True
2022-01-24 08:37:19.186586	True
2022-01-24 08:39:35.238307	True
2022-01-24 09:42:37.072110	True
2022-01-24 09:56:47.726475	True
2022-01-24 10:32:28.298194	True
2022-01-24 11:26:44.235511	True
2022-01-24 12:09:01.534424	True
2022-01-24 13:04:57.207946	True
2022-01-24 13:08:51.254843	True
2022-01-24 14:59:01.365659	True
2022-01-25 08:05:03.107847	True
2022-01-25 08:07:48.938485	True
2022-01-25 10:28:45.186409	True
2022-01-25 10:35:16.278031	True
2022-01-25 10:54:50.712776	True
2022-01-25 12:40:06.515741	True
2022-01-25 12:45:39.188556	True
2022-01-25 13:16:04.890718	True
2022-01-25 16:09:43.728511	True
2022-01-26 08:10:37.098377	True
2022-01-26 08:26:32.984073	True
2022-01-26 08:33:24.998534	True
2022-01-26 08:35:46.146658	True
2022-01-26 10:47:16.863477	True
2022-01-26 10:52:38.629456	True
2022-01-26 12:23:05.356285	True
2022-01-26 13:27:18.820464	True
2022-01-26 14:32:09.621804	True
2022-01-26 14:37:18.045239	True
2022-01-27 12:34:39.910070	True
2022-01-27 13:00:41.110267	True
2022-01-27 13:29:27.593193	True
2022-01-27 14:43:26.725775	True
2022-01-31 06:06:35.136226	True
2022-01-31 06:37:15.847450	True
2022-01-31 07:17:10.102235	True
2022-01-31 07:35:39.155420	True
2022-01-31 07:55:54.486538	True
2022-01-31 08:08:40.549249	True
2022-01-31 11:05:06.208804	True
2022-01-31 14:43:31.284950	True
2022-01-31 15:09:50.271837	True
2022-01-31 15:13:38.342391	True
2022-01-31 15:29:48.521894	True
2022-02-01 08:55:45.773119	True
2022-02-01 11:02:12.773326	True
2022-02-01 12:18:42.034574	True
2022-02-01 16:03:39.765541	True
2022-02-01 16:15:30.846268	True
2022-02-01 16:22:56.250148	True
2022-02-01 16:26:43.894195	True
2022-02-02 06:50:48.744725	True
2022-02-02 07:00:59.047181	True
2022-02-02 07:08:16.839578	True
2022-02-02 07:34:17.018674	True
2022-02-02 08:42:16.877987	True
2022-02-02 10:25:00.725319	True
2022-02-02 11:11:20.999212	True
2022-02-02 13:09:17.217449	True
2022-02-02 13:29:01.177366	True
2022-02-02 14:59:40.904130	True
2022-02-02 15:40:31.656769	True
2022-02-02 15:56:59.470224	True
2022-02-02 16:02:26.298138	True
2022-02-02 16:07:44.966666	True
2022-02-03 06:11:37.851145	True
2022-02-03 08:08:14.569429	True
2022-02-03 10:22:26.360564	True
2022-02-03 10:29:05.356130	True
2022-02-03 10:41:11.540053	True
2022-02-03 10:53:52.500896	True
2022-02-03 13:04:00.986849	True
2022-02-03 13:09:56.556914	True
2022-02-03 14:28:17.880427	True
2022-02-03 14:41:15.406695	True
2022-02-07 06:54:35.195184	True
2022-02-07 06:56:42.533745	True
2022-02-07 08:47:09.245500	True
2022-02-07 09:38:16.526932	True
2022-02-07 12:05:34.791602	True
2022-02-07 12:29:36.230026	True
2022-02-07 13:19:45.160520	True
2022-02-08 06:07:54.110420	True
2022-02-08 06:42:42.885023	True
2022-02-08 07:05:03.008499	True
2022-02-08 07:54:41.242916	True
2022-02-08 09:46:59.028152	True
2022-02-08 10:19:50.523241	True
2022-02-08 10:27:27.454104	True
2022-02-14 06:28:45.565688	True
2022-02-14 07:06:02.220849	True
2022-02-28 06:49:23.688987	True
2022-02-28 07:14:49.046016	True
2022-03-08 06:36:05.891744	True
2022-03-16 06:05:31.882514	True
2022-03-16 06:13:09.266458	True
2022-03-16 06:28:22.100796	True
2022-03-16 07:02:39.209664	True
2022-03-16 07:35:13.724225	True
2022-03-16 11:01:58.293947	True
2022-03-16 12:17:38.525596	True
2022-03-16 12:28:18.551366	False
2022-03-16 14:32:31.021944	True
2022-03-16 15:36:35.058589	True
2022-03-17 06:54:03.661560	True
2022-03-17 08:47:08.645993	True
2022-03-17 08:51:02.192864	True
2022-03-17 09:41:37.932280	True
2022-03-17 09:54:17.242793	True
2022-03-17 09:57:06.891355	True
2022-03-17 10:54:10.512566	True
2022-03-17 12:21:47.109074	True
2022-03-17 14:17:00.136310	True
2022-03-17 15:45:29.591539	True
2022-03-17 16:02:25.072001	True
2022-03-17 16:06:06.432747	True
2022-03-21 08:06:49.550412	True
2022-03-21 08:18:28.391596	True
2022-03-21 08:27:09.607529	True
2022-03-21 08:53:23.613898	True
2022-03-21 10:27:17.686037	True
2022-03-21 10:59:46.352353	True
2022-03-21 11:15:20.220215	True
2022-03-21 12:58:28.258922	True
2022-03-21 15:07:48.698694	True
2022-03-21 15:20:53.898878	True
2022-03-22 06:09:13.503919	True
2022-03-22 06:17:38.633704	True
2022-03-22 07:14:30.468764	True
2022-03-22 08:55:19.410850	True
2022-03-22 09:29:59.567416	True
2022-03-22 10:27:43.402328	True
2022-03-22 11:03:46.551279	True
2022-03-22 11:23:18.414103	True
2022-03-22 12:31:58.381109	True
2022-03-22 13:26:54.721883	True
2022-03-22 13:34:41.325251	True
2022-03-22 13:38:18.481794	True
2022-03-22 15:37:13.370131	True
2022-03-23 06:04:56.267592	True
2022-03-23 06:54:17.888874	True
2022-03-23 07:46:38.623960	True
2022-03-23 07:56:15.344509	True
2022-03-23 08:11:11.113286	True
2022-03-23 08:41:23.725696	True
2022-03-23 10:36:30.632079	True
2022-03-23 12:33:00.285828	True
2022-03-23 13:21:42.027303	True
2022-03-23 13:47:02.598905	True
2022-03-23 14:47:20.059342	True
2022-03-23 15:05:47.060926	True
2022-03-23 15:40:12.889265	True
2022-03-24 06:11:43.388012	True
2022-03-24 06:51:24.506561	True
2022-03-24 07:08:14.482568	True
2022-03-24 07:24:50.832870	True
2022-03-24 08:58:00.557790	True
2022-03-24 09:24:21.418681	True
2022-03-24 09:50:30.740130	True
2022-03-24 10:42:03.111581	True
2022-03-24 12:19:37.978455	True
2022-03-24 12:35:57.887261	True
2022-03-24 13:26:31.177025	True
2022-03-24 13:50:04.053479	True
2022-03-24 14:36:24.557784	True
2022-03-25 06:31:32.190979	True
2022-03-25 06:48:08.772753	True
2022-03-25 07:15:58.533228	True
2022-03-25 07:47:38.120401	True
2022-03-25 07:54:43.692549	True
2022-03-25 08:07:50.899133	True
2022-03-25 08:45:02.577716	True
2022-03-25 09:03:31.853058	True
2022-03-25 09:10:12.621007	True
2022-03-25 09:52:07.287519	True
2022-03-25 11:34:42.687456	True
2022-03-25 12:15:17.913033	True
2022-03-25 12:24:41.084312	True
2022-03-25 12:30:50.672632	True
2022-03-28 06:22:27.163550	True
2022-03-28 06:44:03.331955	True
2022-03-28 07:46:48.817419	True
2022-03-28 08:05:45.673590	True
2022-03-28 09:59:41.036260	True
2022-03-28 10:56:05.840622	True
2022-03-28 11:18:29.331987	True
2022-03-28 12:00:15.359251	True
2022-03-28 12:37:31.955507	True
2022-03-28 13:32:20.764954	True
2022-03-28 14:51:41.898289	True
2022-03-28 15:06:26.644178	True
2022-03-28 15:42:24.091723	True
2022-03-28 16:02:16.466389	True
2022-03-29 07:10:44.388152	True
2022-03-29 07:44:42.225955	True
2022-03-29 08:50:03.705170	True
2022-03-29 09:54:09.201608	True
2022-03-29 10:11:29.944505	True
2022-03-29 12:07:42.300624	False
2022-03-29 12:10:50.154863	True
2022-03-29 12:17:23.256053	True
2022-03-29 12:53:46.447304	True
2022-03-29 12:56:10.014308	True
2022-03-29 13:03:21.585636	True
2022-03-29 14:53:47.918101	True
2022-03-29 15:09:22.631840	True
2022-03-30 06:21:07.750578	True
2022-03-30 06:23:24.122679	True
2022-03-30 06:30:45.834994	True
2022-03-30 07:22:13.431748	True
2022-03-30 07:25:20.797761	True
2022-03-30 07:27:39.744515	True
2022-03-30 12:10:02.162264	True
2022-03-30 12:25:14.102841	True
2022-03-30 12:41:35.617744	True
2022-03-30 13:10:18.567215	True
2022-03-30 13:34:29.954391	True
2022-03-30 14:00:20.605766	True
2022-03-30 14:32:57.823515	True
2022-03-30 15:14:05.360845	True
2022-03-30 16:42:11.794434	False
2022-03-30 16:44:01.722829	False
2022-03-30 16:46:01.162980	False
2022-03-30 16:48:01.834720	False
2022-03-30 16:50:11.611063	False
2022-03-31 06:23:59.323733	True
2022-03-31 06:46:24.829287	True
2022-03-31 07:11:54.861152	True
2022-03-31 07:44:58.390211	True
2022-03-31 07:54:30.011567	True
2022-03-31 08:03:06.963501	True
2022-03-31 08:10:07.713183	True
2022-03-31 11:21:31.784927	True
2022-03-31 12:58:33.670121	True
2022-03-31 13:04:05.131397	True
2022-03-31 14:40:46.539506	True
2022-03-31 14:50:13.985490	True
2022-03-31 15:09:57.973350	True
2022-03-31 16:01:02.601626	True
2022-04-01 06:45:53.276392	True
2022-04-01 08:57:16.640300	True
2022-04-01 09:07:03.059618	True
2022-04-01 09:20:27.229388	True
2022-04-01 10:40:04.940580	True
2022-04-01 10:59:59.061671	False
2022-04-04 06:20:08.519922	True
2022-04-04 06:22:57.062770	True
2022-04-04 06:46:37.550462	True
2022-04-04 07:19:26.891566	True
2022-04-04 07:55:18.783082	True
2022-04-04 08:36:02.543289	True
2022-04-04 09:14:14.659092	False
2022-04-04 09:15:57.880697	False
2022-04-04 09:16:52.919777	False
2022-04-04 09:18:18.310294	False
2022-04-04 09:35:37.181031	True
2022-04-04 10:16:43.889018	True
2022-04-04 11:32:31.216620	True
2022-04-04 11:45:43.080945	True
2022-04-04 11:55:25.627601	True
2022-04-04 13:22:24.356136	True
2022-04-04 13:31:22.034304	True
2022-04-04 13:38:05.745812	False
2022-04-04 13:59:52.517144	True
2022-04-04 15:23:46.777778	True
2022-04-05 06:03:23.089218	True
2022-04-05 06:39:11.447128	True
2022-04-05 06:50:18.487518	True
2022-04-05 06:54:24.462799	True
2022-04-05 07:46:23.487476	True
2022-04-05 08:34:03.072674	True
2022-04-05 08:44:49.012472	True
2022-04-05 08:54:06.700278	True
2022-04-05 09:39:53.219390	True
2022-04-05 10:23:31.437686	True
2022-04-05 10:32:04.175587	True
2022-04-05 11:25:53.703108	True
2022-04-05 15:12:25.038802	True
2022-04-05 16:20:33.797966	True
2022-04-06 07:58:23.304854	True
2022-04-06 08:44:08.291634	True
2022-04-06 08:48:30.582778	True
2022-04-06 09:23:10.039374	True
2022-04-06 09:26:19.386015	True
2022-04-06 09:34:34.760303	True
2022-04-06 09:40:01.336551	True
2022-04-06 09:46:47.647672	True
2022-04-06 09:53:17.676880	True
2022-04-06 10:01:06.837344	True
2022-04-06 10:10:46.837899	True
2022-04-06 10:16:27.667775	True
2022-04-06 10:24:29.640982	True
2022-04-06 10:30:35.931375	True
2022-04-06 10:49:32.403748	True
2022-04-06 12:28:09.481836	False
2022-04-06 13:01:59.145534	True
2022-04-06 13:09:20.054111	True
2022-04-06 13:47:44.498404	True
2022-04-07 06:37:26.205447	True
2022-04-07 06:41:16.139464	True
2022-04-07 06:59:10.203325	True
2022-04-07 07:17:46.422887	True
2022-04-07 07:42:46.311612	True
2022-04-07 08:04:07.000238	True
2022-04-07 08:17:22.529149	True
2022-04-07 08:42:33.128113	True
2022-04-07 08:48:57.271717	True
2022-04-07 09:21:52.489770	True
2022-04-07 09:41:56.425414	True
2022-04-07 09:57:12.733490	True
2022-04-07 10:08:06.690337	True
2022-04-07 10:21:44.171697	True
2022-04-07 11:06:57.885013	True
2022-04-07 11:16:51.893120	True
2022-04-07 12:28:11.723290	True
2022-04-07 12:46:42.479919	True
2022-04-07 13:07:34.800637	True
2022-04-07 13:56:25.870499	True
2022-04-07 14:47:05.980196	True
2022-04-07 14:49:36.299060	True
2022-04-07 14:52:55.598079	True
2022-04-07 15:31:18.732613	True
2022-04-08 07:00:26.550954	True
2022-04-08 07:05:12.429555	True
2022-04-08 07:28:52.214781	True
2022-04-08 08:53:32.100538	True
2022-04-08 08:57:49.372399	True
2022-04-08 09:29:47.688588	True
2022-04-08 09:50:33.925765	True
2022-04-08 12:36:56.933247	True
2022-04-08 12:56:06.757181	True
2022-04-08 13:32:14.733944	True
2022-04-08 14:12:14.984472	True
2022-04-08 14:25:16.169635	True
2022-04-09 07:46:13.589779	True
2022-04-09 07:50:59.899661	True
2022-04-09 07:53:42.400546	True
2022-04-09 08:01:18.010089	True
2022-04-11 08:37:46.636471	True
2022-04-11 08:41:21.955577	True
2022-04-11 08:43:06.953563	True
2022-04-11 08:55:47.432974	True
2022-04-11 09:40:16.943132	True
2022-04-11 10:26:52.952467	True
2022-04-11 10:32:56.438520	True
2022-04-11 11:04:20.232589	True
2022-04-11 11:37:08.647143	True
2022-04-11 11:55:48.809456	True
2022-04-11 12:26:50.502141	True
2022-04-11 13:41:44.575270	True
2022-04-11 14:00:47.960643	True
2022-04-12 07:05:16.609425	True
2022-04-12 07:31:09.193803	False
2022-04-12 07:36:29.386922	True
2022-04-12 07:52:25.521176	True
2022-04-12 09:32:42.256671	True
2022-04-12 10:03:14.433564	True
2022-04-12 10:10:12.867855	True
2022-04-12 10:49:15.337823	True
2022-04-12 13:02:45.548628	True
2022-04-12 14:54:53.679140	True
2022-04-12 15:47:56.682188	True
2022-04-12 16:08:58.054232	True
2022-04-12 16:15:01.976758	True
2022-04-13 07:11:55.223315	True
2022-04-13 07:26:28.737500	True
2022-04-13 07:43:18.261451	True
2022-04-13 08:43:10.303495	True
2022-04-13 12:47:54.224226	True
2022-04-13 14:46:42.956019	True
2022-04-13 15:48:45.309808	True
2022-04-14 06:08:15.711432	True
2022-04-14 06:39:32.758728	True
2022-04-14 07:12:08.988952	True
2022-04-14 07:20:08.521004	True
2022-04-14 07:38:13.405488	True
2022-04-14 07:48:10.931619	True
2022-04-14 07:57:38.142195	True
2022-04-14 08:01:19.278862	True
2022-04-14 08:12:43.766507	True
2022-04-14 09:38:41.821117	True
2022-04-14 09:50:19.628492	True
2022-04-14 10:44:17.975674	True
2022-04-14 12:42:19.868461	True
2022-04-14 14:39:31.840470	True
2022-04-18 06:09:20.221343	True
2022-04-18 06:15:47.894903	True
2022-04-18 06:22:36.730600	True
2022-04-18 06:45:13.591735	True
2022-04-18 07:02:43.265327	True
2022-04-18 07:13:54.513838	True
2022-04-18 07:30:20.873335	True
2022-04-18 07:39:13.292539	True
2022-04-18 08:15:22.097618	True
2022-04-18 08:23:25.342025	True
2022-04-18 08:33:44.115399	True
2022-04-18 09:25:12.547956	True
2022-04-18 14:27:55.341340	True
2022-04-18 14:35:47.260710	True
2022-04-18 14:38:51.870849	True
2022-04-18 14:46:54.382257	True
2022-04-18 14:51:04.224941	True
2022-04-18 14:58:09.583392	True
2022-04-18 15:01:47.497565	True
2022-04-18 15:35:13.767528	True
2022-04-18 15:39:18.882346	True
2022-04-18 16:07:17.870186	True
2022-04-19 07:06:07.639611	True
2022-04-19 07:25:51.094124	True
2022-04-19 07:30:40.001424	True
2022-04-19 10:15:58.495178	True
2022-04-19 10:22:30.945710	True
2022-04-19 10:32:21.225611	True
2022-04-19 10:37:50.994814	True
2022-04-19 10:42:50.972130	True
2022-04-19 10:52:35.521426	True
2022-04-19 10:59:22.148932	True
2022-04-19 11:11:56.659134	True
2022-04-19 14:23:21.345430	True
2022-04-19 14:52:08.050414	True
2022-04-19 15:20:12.879776	True
2022-04-19 15:27:22.919768	True
2022-04-19 15:48:01.258545	True
2022-04-20 06:53:10.764121	True
2022-04-20 06:58:28.723033	True
2022-04-20 07:03:04.842011	True
2022-04-20 07:33:11.373648	True
2022-04-20 07:36:55.948849	True
2022-04-20 08:03:27.178374	True
2022-04-20 09:24:53.133491	True
2022-04-20 09:50:47.132364	True
2022-04-20 09:59:59.465496	True
2022-04-20 10:08:10.973782	True
2022-04-20 10:25:09.179071	True
2022-04-20 10:55:44.879893	True
2022-04-20 13:35:33.024853	False
2022-04-20 13:42:46.466444	True
2022-04-20 15:24:26.590931	True
2022-04-20 15:29:51.561835	True
2022-04-20 16:00:43.708911	True
2022-04-20 16:07:22.668064	True
2022-04-21 06:27:58.731794	True
2022-04-21 07:28:49.287871	True
2022-04-21 07:38:32.246249	True
2022-04-21 09:28:31.045434	True
2022-04-21 09:37:18.504318	True
2022-04-21 09:49:49.987258	True
2022-04-21 10:08:13.272822	True
2022-04-21 10:53:55.142424	True
2022-04-21 13:56:36.797497	True
2022-04-21 14:43:00.742474	True
2022-04-21 15:01:15.962789	True
2022-04-22 06:22:45.878905	True
2022-04-22 06:37:52.108031	True
2022-04-22 06:47:21.603153	True
2022-04-22 06:54:35.803352	True
2022-04-22 07:18:50.960989	True
2022-04-22 07:25:40.623720	True
2022-04-22 09:04:42.237521	True
2022-04-22 09:13:10.301255	True
2022-04-22 09:32:04.504202	True
2022-04-22 09:38:51.234526	True
2022-04-22 09:50:04.578141	True
2022-04-22 12:45:17.968065	True
2022-04-22 12:52:11.133998	True
2022-04-22 13:08:36.069729	True
2022-04-22 13:12:51.369157	True
2022-04-22 13:21:11.712249	True
2022-04-22 14:09:17.773299	False
2022-04-22 14:15:25.241881	True
2022-04-22 15:29:48.223797	True
2022-04-23 06:37:00.260119	False
2022-04-23 07:25:13.022963	True
2022-04-23 07:31:33.971419	True
2022-04-23 07:41:16.601780	True
2022-04-23 09:54:08.120533	True
2022-04-23 09:59:53.149920	True
2022-04-23 10:09:13.966307	True
2022-04-23 10:12:17.480534	True
2022-04-23 10:18:47.882500	True
2022-04-23 10:24:09.341163	True
2022-04-25 08:21:08.308191	True
2022-04-25 08:24:13.109042	True
2022-04-25 08:30:24.495136	True
2022-04-25 08:35:47.464509	True
2022-04-25 08:44:35.552676	True
2022-04-25 09:22:44.569811	True
2022-04-25 09:27:46.961749	True
2022-04-25 10:00:51.281684	True
2022-04-25 10:07:01.609127	True
2022-04-25 10:10:08.348129	True
2022-04-25 10:14:37.671487	True
2022-04-25 13:02:30.221132	True
2022-04-25 13:07:29.594260	True
2022-04-25 15:08:14.409983	True
2022-04-25 15:23:45.896417	True
2022-04-25 16:01:54.756135	True
2022-04-25 16:20:11.048123	True
2022-04-26 06:27:04.568817	True
2022-04-26 07:38:06.376889	True
2022-04-26 07:48:46.098613	True
2022-04-26 07:55:09.054208	True
2022-04-26 08:03:00.295962	True
2022-04-26 08:07:34.325320	True
2022-04-26 08:13:39.622908	True
2022-04-26 09:22:30.132371	True
2022-04-26 09:27:35.607050	True
2022-04-26 09:31:52.727042	True
2022-04-26 09:39:59.956939	True
2022-04-26 09:42:50.135947	True
2022-04-26 09:48:08.249078	True
2022-04-26 12:17:43.652535	True
2022-04-26 12:32:17.353334	True
2022-04-26 13:35:11.230179	True
2022-04-26 14:37:38.666977	True
2022-04-26 14:44:12.537260	False
2022-04-26 14:51:35.880870	True
2022-04-26 15:03:59.204946	True
2022-04-26 15:32:19.723361	True
2022-04-26 16:03:04.274320	True
2022-04-27 06:42:24.124885	True
2022-04-27 07:06:09.429408	True
2022-04-27 07:18:58.100622	True
2022-04-27 07:23:21.414736	True
2022-04-27 08:12:28.244120	True
2022-04-27 08:23:17.962611	True
2022-04-27 10:19:15.378440	True
2022-04-27 12:18:37.089195	True
2022-04-27 12:23:41.201718	True
2022-04-27 13:26:02.446816	True
2022-04-27 13:31:25.203911	True
2022-04-27 13:51:37.080528	True
2022-04-27 14:41:06.564631	True
2022-04-27 15:07:30.068630	True
2022-04-27 15:40:22.149560	True
2022-04-27 15:56:54.754134	True
2022-04-28 06:20:35.334713	True
2022-04-28 06:40:10.672594	True
2022-04-28 07:04:20.497685	True
2022-04-28 07:28:57.900550	True
2022-04-28 08:14:38.730788	True
2022-04-28 08:17:37.569986	True
2022-04-28 08:20:30.989755	True
2022-04-28 08:52:05.822541	True
2022-04-28 09:10:19.047763	True
2022-04-28 11:25:45.305940	True
2022-04-28 12:12:00.307194	True
2022-04-28 12:26:08.843442	True
2022-04-28 13:10:40.807269	True
2022-04-28 13:15:22.525582	True
2022-04-28 14:04:22.254623	True
2022-04-28 15:02:53.356589	True
2022-04-28 15:11:20.902079	True
2022-04-28 15:31:39.409625	True
2022-04-28 16:16:38.338017	True
2022-05-03 07:03:40.508902	True
2022-05-03 07:07:06.334140	True
2022-05-03 07:13:10.403085	True
2022-05-03 07:36:08.147143	True
2022-05-03 07:56:47.989527	True
2022-05-03 08:05:29.410917	True
2022-05-03 09:33:39.348443	True
2022-05-03 09:46:35.755938	True
2022-05-03 09:52:41.282444	True
2022-05-03 13:24:00.614929	False
2022-05-03 14:19:35.766411	True
2022-05-03 14:22:12.093952	True
2022-05-03 15:15:54.116154	True
2022-05-04 06:12:48.526785	True
2022-05-04 06:59:24.087912	True
2022-05-04 07:18:46.443979	True
2022-05-04 09:16:01.043697	True
2022-05-04 09:43:31.483240	True
2022-05-04 10:02:50.140634	True
2022-05-04 10:41:20.950756	True
2022-05-04 10:56:14.680750	True
2022-05-04 10:59:18.416372	True
2022-05-04 11:22:02.272503	True
2022-05-04 12:37:09.943488	True
2022-05-04 12:46:25.741272	True
2022-05-04 13:17:34.954185	True
2022-05-04 13:39:25.080106	True
2022-05-04 15:53:00.428249	True
2022-05-05 06:13:19.461373	True
2022-05-05 06:31:19.422573	True
2022-05-05 06:50:48.348885	True
2022-05-05 06:54:23.288730	True
2022-05-05 07:03:31.778608	True
2022-05-05 07:28:00.168498	True
2022-05-05 07:34:59.585315	True
2022-05-05 08:19:58.795942	True
2022-05-05 08:24:09.594836	True
2022-05-05 08:27:01.057263	True
2022-05-05 09:43:17.433140	True
2022-05-05 09:54:13.055966	True
2022-05-05 12:13:07.038266	True
2022-05-05 12:27:02.771479	True
2022-05-05 13:04:36.725388	True
2022-05-05 13:24:46.102176	True
2022-05-05 13:51:51.857880	True
2022-05-05 14:47:05.586197	True
2022-05-05 14:48:43.460849	True
2022-05-05 15:23:24.360346	True
2022-05-05 16:16:11.789167	True
2022-05-06 06:21:53.669163	True
2022-05-06 06:47:39.201373	True
2022-05-06 06:52:53.908262	True
2022-05-06 07:35:13.579785	True
2022-05-06 07:43:08.302542	True
2022-05-06 07:47:40.836833	True
2022-05-06 07:51:51.478544	True
2022-05-06 07:56:34.571672	True
2022-05-06 08:01:20.997135	True
2022-05-06 11:30:45.776561	True
2022-05-06 12:05:01.221960	True
2022-05-06 12:55:20.517313	True
2022-05-06 13:43:59.959847	True
2022-05-06 13:49:38.934810	True
2022-05-09 06:29:35.797950	True
2022-05-09 06:35:30.382195	True
2022-05-09 07:06:04.840516	True
2022-05-09 07:16:15.158822	True
2022-05-09 07:25:24.038015	True
2022-05-09 07:35:55.702150	True
2022-05-09 11:10:03.595732	True
2022-05-09 12:18:51.626545	True
2022-05-09 12:34:00.400567	True
2022-05-09 12:52:34.107648	True
2022-05-09 13:05:13.084384	True
2022-05-10 08:14:16.392670	True
2022-05-10 08:21:25.615573	True
2022-05-10 08:29:10.921310	True
2022-05-10 08:34:52.061290	True
2022-05-10 08:39:41.159903	True
2022-05-10 08:46:52.309905	True
2022-05-10 08:48:37.411329	True
2022-05-10 08:53:26.160007	True
2022-05-10 08:57:41.591846	True
2022-05-10 10:02:57.437479	True
2022-05-10 10:35:27.928588	True
2022-05-10 11:26:30.747257	True
2022-05-10 12:08:21.315367	True
2022-05-10 12:26:55.371118	True
2022-05-10 13:07:53.102665	True
2022-05-10 13:24:36.336211	True
2022-05-10 13:39:21.832887	True
2022-05-10 14:26:42.372633	True
2022-05-10 14:37:40.340287	True
2022-05-10 15:31:26.614026	True
2022-05-10 16:57:43.752118	True
2022-05-11 06:13:35.299516	True
2022-05-11 06:27:40.138696	True
2022-05-11 06:48:38.765374	True
2022-05-11 07:09:18.477629	False
2022-05-11 07:12:31.241474	True
2022-05-11 07:25:09.961526	True
2022-05-11 07:38:21.339978	True
2022-05-11 07:51:59.585252	True
2022-05-11 07:55:27.476299	True
2022-05-11 08:06:53.070281	True
2022-05-11 15:05:18.183726	True
2022-05-11 15:13:34.079473	True
2022-05-11 15:56:19.103680	True
2022-05-11 16:02:50.242632	True
2022-05-12 06:22:23.258925	True
2022-05-12 06:32:00.876040	True
2022-05-12 06:34:53.980034	True
2022-05-12 06:45:07.685539	True
2022-05-12 07:02:26.514582	True
2022-05-12 07:05:42.504608	True
2022-05-12 07:33:28.199793	True
2022-05-12 07:34:42.769887	True
2022-05-12 08:21:50.105207	True
2022-05-12 08:28:44.889040	True
2022-05-12 08:31:08.579801	True
